Abstral,fentanyl citrate sublingual tablet,1/1/17 0:00,;#Prior Approval;#Subject to Quantity Limits;#,"<a href=""/Pharmacy%20Documents/Oral-Intranasal%20Fentanyl%20Products.pdf"" target=""_blank"">View the policy</a>",Oral/Intranasal Fentanyl Products,1,Abstral, 04/27/2018 14:23:27
Absorica,isotretinoin,1/1/18 0:00,;#Prior Approval;#,"<a href=""/Pharmacy%20Documents/Isotretinoins.pdf"" target=""_blank"">View the policy</a>",Isotretinoins,2,Absorica, 04/27/2018 14:23:27
Aptivus,tipranavir,1/1/18 0:00,;#Subject to Quantity Limits;#,"<a href=""/Pharmacy%20Documents/Specialty%20Quantity%20Limit%20HIV%20Medications.pdf"" target=""_blank"">View the policy</a>",HIV,3,Aptivus, 04/27/2018 14:23:27
Acanya,clindamycin phosphate/benzoyl peroxide gel,9/1/17 0:00,;#Prior Approval;#Step Therapy;#,"<a href=""/Pharmacy%20Documents/Acne%20Step%20Therapy.pdf"" target=""_blank"">View the policy</a>",Topical Acne Products,4,Acanya, 04/27/2018 14:23:27
Accuneb,albuterol sulfate nebulization solution,1/1/17 0:00,;#Subject to Quantity Limits;#,"<a href=""/Pharmacy%20Documents/Beta%20Agonists-Short%20Acting%20Oral%20Inhalation%20Limit%201086-H.pdf"" target=""_blank"">View the policy</a>",Short-Acting Beta Agonists - Oral Inh,5,Accuneb, 04/27/2018 14:23:27
Acetaminophen/Caffeine/Dihydrocodeine,acetaminophen/caffeine/dihydrocodeine,3/1/18 0:00,;#Prior Approval;#Step Therapy;#Subject to Quantity Limits;#,"<a href=""/Pharmacy%20Documents/Opioids%20IR%20-%20APAP-ASA-IBU%20Combo%20Products%20Limit.pdf"" target=""_blank"">View the policy</a>",Opioid Analgesics,6,Acetaminophen/Caffeine/Dihydrocodeine, 04/27/2018 14:23:27
Actemra,tocilizumab,1/1/18 0:00,;#Excluded Exception Approval;#,"<a href=""/Pharmacy%20Documents/Specialty%20Quantity%20Limit%20Actemra.pdf"" target=""_blank"">View the policy</a>",Autoimmune,7,Actemra, 04/27/2018 14:23:27
Actiq,fentanyl citrate oral transmucosal lozenge,1/1/17 0:00,;#Prior Approval;#Subject to Quantity Limits;#,"<a href=""/Pharmacy%20Documents/Oral-Intranasal%20Fentanyl%20Products.pdf"" target=""_blank"">View the policy</a>",Oral/Intranasal Fentanyl Products,8,Actiq, 04/27/2018 14:23:27
Acthar,repository corticotropic injection,1/1/18 0:00,;#Prior Approval;#,"<a href=""/Pharmacy%20Documents/Acthar%20Indication-Specific.pdf"" target=""_blank"">View the policy</a>",Corticosteroid,9,Acthar, 04/27/2018 14:23:27
Acticlate,doxycycline hyclate,5/1/18 0:00,;#Prior Approval;#Step Therapy;#,"<a href=""/Pharmacy%20Documents/Acticlate%20Step%20Therapy.pdf"" target=""_blank"">View the policy</a>",Antibiotic,10,Acticlate, 04/27/2018 14:23:27
Actimmune,interferon gamma-1b,1/1/18 0:00,;#Prior Approval;#,"<a href=""/Pharmacy%20Documents/Actimmune.pdf"" target=""_blank"">View the policy</a>",Interferon,11,Actimmune, 04/27/2018 14:23:27
Aczone,dapsone topical gel,9/1/17 0:00,;#Prior Approval;#Step Therapy;#,"<a href=""/Pharmacy%20Documents/Acne%20Step%20Therapy.pdf"" target=""_blank"">View the policy</a>",Topical Acne Products,12,Aczone, 04/27/2018 14:23:27
Adagen,pegademase bovine injection,1/1/18 0:00,;#Prior Approval;#,"<a href=""/Pharmacy%20Documents/Adagen.pdf"" target=""_blank"">View the policy</a>",Enzyme,13,Adagen, 04/27/2018 14:23:27
Adcetris,brentuximab vedotin,1/1/18 0:00,;#Prior Approval;#,"<a href=""/Pharmacy%20Documents/Adcetris.pdf"" target=""_blank"">View the policy</a>",Oncology,14,Adcetris, 04/27/2018 14:23:27
Adcirca,tadalafil,1/1/18 0:00,;#Excluded Exception Approval;#,"<a href=""/Pharmacy%20Documents/Adcirca.pdf"" target=""_blank"">View the policy</a>",Pulmonary arterial hypertension,15,Adcirca, 04/27/2018 14:23:27
Adderall,amphetamine-dextroamphetamine tablet,1/1/17 0:00,;#Prior Approval;#Subject to Quantity Limits;#,"<a href=""/Pharmacy%20Documents/ADHD%20Agents%20Limit.pdf"" target=""_blank"">View the policy</a>",ADHD-Narcolepsy Agents,16,Adderall, 04/27/2018 14:23:27
Adempas,riociguat,1/1/18 0:00,;#Prior Approval;#,"<a href=""/Pharmacy%20Documents/Adempas.pdf"" target=""_blank"">View the policy</a>",Pulmonary arterial hypertension,17,Adempas, 04/27/2018 14:23:27
Advair,fluticasone propionate and salmeterol xinafoate aerosolï¿½ and aerosolpowder,1/1/17 0:00,;#Subject to Quantity Limits;#,"<a href=""/Pharmacy%20Documents/Beta%20Agonists-Long%20Acting,%20Combinations%20Oral%20Inhalation%20Limit%2034-H.pdf"" target=""_blank"">View the policy</a>",LABA/Corticosteroid,18,Advair, 04/27/2018 14:23:27
Advate,Antihemophilic factor VIII,10/1/17 0:00,;#Prior Approval;#,"<a href=""/Pharmacy%20Documents/Factor%20VIII.pdf"" target=""_blank"">View the policy</a>",Hemophilia,19,Advate, 04/27/2018 14:23:27
Adynovate,Antihemophilic factor VIII,1/1/17 0:00,;#Excluded Exception Approval;#,"<a href=""/Pharmacy%20Documents/Factor%20VIII.pdf"" target=""_blank"">View the policy</a>",Hemophilia,20,Adynovate, 04/27/2018 14:23:27
Adzenys XR-ODT,amphetamine extended-release,1/1/18 0:00,;#Prior Approval;#Subject to Quantity Limits;#,"<a href=""/Pharmacy%20Documents/ADHD%20Agents%20Limit.pdf"" target=""_blank"">View the policy</a>",ADHD-Narcolepsy Agents,21,Adzenys XR-ODT, 04/27/2018 14:23:27
Afinitor,everolimus,1/1/18 0:00,;#Prior Approval;#,"<a href=""/Pharmacy%20Documents/Afinitor.pdf"" target=""_blank"">View the policy</a>",Oncology,22,Afinitor, 04/27/2018 14:23:27
Afstyla,Antihemophilic factor VIII,10/1/17 0:00,;#Prior Approval;#,"<a href=""/Pharmacy%20Documents/Factor%20VIII.pdf"" target=""_blank"">View the policy</a>",Hemophilia,23,Afstyla, 04/27/2018 14:23:27
Airduo Respiclick,fluticasone propionate/salmeterol,1/1/18 0:00,;#Excluded Exception Approval;#,"<a href=""/Pharmacy%20Documents/Beta%20Agonists-Long%20Acting,%20Combinations%20Oral%20Inhalation%20Limit%2034-H.pdf"" target=""_blank"">View the policy</a>",Long-Acting Beta Agonists (LABA),24,Airduo Respiclick, 04/27/2018 14:23:28
Akne-Mycin,erythromycin ointment,9/1/17 0:00,;#Prior Approval;#Step Therapy;#,"<a href=""/Pharmacy%20Documents/Acne%20Step%20Therapy.pdf"" target=""_blank"">View the policy</a>",Topical Acne Products,25,Akne-Mycin, 04/27/2018 14:23:28
Akynzeo,netupitant and palonosetron capsules,1/1/17 0:00,;#Prior Approval;#Subject to Quantity Limits;#,"<a href=""/Pharmacy%20Documents/Akynzeo%20Limit.pdf"" target=""_blank"">View the policy</a>",Antiemetics,26,Akynzeo, 04/27/2018 14:23:28
Albenza,albendazole,1/1/17 0:00,;#Prior Approval;#Subject to Quantity Limits;#,"<a href=""/Pharmacy%20Documents/Albenza,Biltricide,Emverm%20Limit.pdf"" target=""_blank"">View the policy</a>",Anthelmintic,27,Albenza, 04/27/2018 14:23:28
Aldurazyme,laronidase,1/1/18 0:00,;#Prior Approval;#,"<a href=""/Pharmacy%20Documents/Aldurazyme.pdf"" target=""_blank"">View the policy</a>",Lysosomal Storage Disorders,28,Aldurazyme, 04/27/2018 14:23:28
Alecensa,alectinib,1/1/18 0:00,;#Prior Approval;#,"<a href=""/Pharmacy%20Documents/Alecensa.pdf"" target=""_blank"">View the policy</a>",Oncology,29,Alecensa, 04/27/2018 14:23:28
Aliqopa,copanlisib,1/1/18 0:00,;#Excluded Exception Approval;#,"<a href=""/Pharmacy%20Documents/Aliqopa.pdf"" target=""_blank"">View the policy</a>",Oncology,30,Aliqopa, 04/27/2018 14:23:28
Aloxi,palonosetrom hci solution,1/1/17 0:00,;#Prior Approval;#Subject to Quantity Limits;#,"<a href=""/Pharmacy%20Documents/Aloxi%20Limit.pdf"" target=""_blank"">View the policy</a>",Antiemetics,31,Aloxi, 04/27/2018 14:23:28
Altoprev,lovastatin extended-release,1/1/17 0:00,;#Excluded Exception Approval;#,"<a href=""/Pharmacy%20Documents/PGST%20Standard%20Member%20Drug%20Table.pdf"" target=""_blank"">View the policy</a>",Lipid Disorders,32,Altoprev, 04/27/2018 14:23:28
Alunbrig,brigatinib,1/1/18 0:00,;#Excluded Exception Approval;#,"<a href=""/Pharmacy%20Documents/Alunbrig.pdf"" target=""_blank"">View the policy</a>",Oncology,33,Alunbrig, 04/27/2018 14:23:28
Alphanate,Antihemophilic factor VIII,10/1/17 0:00,;#Prior Approval;#,"<a href=""/Pharmacy%20Documents/Factor%20VIII.pdf"" target=""_blank"">View the policy</a>",Hemophilia,34,Alphanate, 04/27/2018 14:23:28
Alphanine SD,coagulation factor IX [human],1/1/17 0:00,;#Prior Approval;#,"<a href=""/Pharmacy%20Documents/Factor%20IX.pdf"" target=""_blank"">View the policy</a>",Hemophilia,35,Alphanine SD, 04/27/2018 14:23:28
Alprolix,"coagulation factor IX [recombinant], Fc fusion protein",1/1/17 0:00,;#Prior Approval;#,"<a href=""/Pharmacy%20Documents/Factor%20IX.pdf"" target=""_blank"">View the policy</a>",Hemophilia,36,Alprolix, 04/27/2018 14:23:28
Ambien,zolpidem tartrate,1/1/17 0:00,;#Prior Approval;#Subject to Quantity Limits;#,"<a href=""/Pharmacy%20Documents/Insomnia%20Limit.pdf"" target=""_blank"">View the policy</a>",Sedative-Hypnotics,37,Ambien, 04/27/2018 14:23:28
Amerge,naratriptan,1/1/17 0:00,;#Prior Approval;#Subject to Quantity Limits;#,"<a href=""/Pharmacy%20Documents/5-HT1%20Agonist%20Limit.pdf"" target=""_blank"">View the policy</a>",Antimigraine,38,Amerge, 04/27/2018 14:23:28
Amnesteem,isotretinoin,1/1/18 0:00,;#Prior Approval;#,"<a href=""/Pharmacy%20Documents/Isotretinoins.pdf"" target=""_blank"">View the policy</a>",Isotretinoins,39,Amnesteem, 04/27/2018 14:23:28
Ampyra,dalfampridine,1/1/18 0:00,;#Prior Approval;#,"<a href=""/Pharmacy%20Documents/Ampyra.pdf"" target=""_blank"">View the policy</a>",Multiple sclerosis,40,Ampyra, 04/27/2018 14:23:28
Anadrol-50,oxmehtolone tablets,1/1/17 0:00,Requires Prior Approval,,Anabolic Steroids,41,Anadrol-50, 04/27/2018 14:23:28
Androderm,testosterone transdermal patch,1/1/18 0:00,Requires Prior Approval,,Testosterone Products,42,Androderm, 04/27/2018 14:23:28
Androgel,testosterone topical gel,1/1/18 0:00,Requires Prior Approval,,Testosterone Products,43,Androgel, 04/27/2018 14:23:28
Android,methyltestosterone capsules,1/1/18 0:00,Requires Prior Approval,,Testosterone Products,44,Android, 04/27/2018 14:23:28
Androxy,"fluoxymesterone, oral tablet",1/1/18 0:00,Requires Prior Approval,,Testosterone Products,45,Androxy, 04/27/2018 14:23:28
Anoro Ellipta,umeclidinium/vilanterol,1/1/18 0:00,Subject to Quantity Limits,,Long-Acting Beta Agonists (LABA),46,Anoro Ellipta, 04/27/2018 14:23:28
Anzemet,dolasetron,1/1/17 0:00,"Requires Prior Approval, Subject to Quantity Limits",,Antiemetics,47,Anzemet, 04/27/2018 14:23:28
Apokyn,apomorphine,1/1/18 0:00,Requires Prior Approval,,Movement Disorders,48,Apokyn, 04/27/2018 14:23:28
Aptensio XR,methylphenidate extended-release,1/1/18 0:00,"Requires Prior Approval, Subject to Quantity Limits",,ADHD-Narcolepsy Agents,49,Aptensio XR, 04/27/2018 14:23:28
Aralast NP,alpha1-proteinase inhibitor ,1/1/18 0:00,Requires Prior Approval,,Alpha-1 Antitrypsin Deficiency,50,Aralast NP, 04/27/2018 14:23:29
Aranesp,darbepoetin alfa,1/1/18 0:00,Requires Prior Approval,,Anemia,51,Aranesp, 04/27/2018 14:23:29
Arcalyst,rilonacept,1/1/18 0:00,Requires Prior Approval,,Cryopyrin Associated Periodic Synd (CAPS),52,Arcalyst, 04/27/2018 14:23:29
Arcapta,indacaterol capsule,1/1/17 0:00,Subject to Quantity Limits,,Long-Acting Beta Agonists (LABA),53,Arcapta, 04/27/2018 14:23:29
Arymo ER,morphine sulfate extended-release tablets,3/1/18 0:00,Requires Excluded Exception Approval,,Opioid Analgesics - Extended-Release,54,Arymo ER, 04/27/2018 14:23:28
Arzerra,ofatumumab,1/1/18 0:00,Requires Prior Approval,,Oncology,55,Arzerra, 04/27/2018 14:23:28
Atralin,tretinoin,10/1/17 0:00,Requires Prior Approval,,Retinoids,56,Atralin, 04/27/2018 14:23:28
Atripla,efavirenz/emtricitabine/tenofovir,1/1/18 0:00,Subject to Quantity Limits,,HIV,57,Atripla, 04/27/2018 14:23:28
Aubagio,teriflunomide,1/1/18 0:00,Requires Prior Approval,,Multiple sclerosis,58,Aubagio, 04/27/2018 14:23:28
Austedo,deutetrabenazine,1/1/18 0:00,Requires Prior Approval,,Movement Disorders,59,Austedo, 04/27/2018 14:23:28
Avar,sulfacetamide sodium-sulfur,9/1/17 0:00,"Requires Prior Approval, Requires Step Therapy",,Topical Acne Products,60,Avar, 04/27/2018 14:23:28
Avastin,bevacizumab,1/1/18 0:00,Requires Prior Approval,,Oncology,61,Avastin, 04/27/2018 14:23:28
Aveed,testosterone undecanoate injection,1/1/18 0:00,Requires Prior Approval,,Hormonal Therapies,62,Aveed, 04/27/2018 14:23:28
Avinza,morphine extended-release capsules,3/1/18 0:00,"Requires Prior Approval, Requires Step Therapy, Subject to Quantity Limits",,Opioid Analgesics - Extended-Release,63,Avinza, 04/27/2018 14:23:28
Avita,tretinoin,10/1/17 0:00,Requires Prior Approval,,Retinoids,64,Avita, 04/27/2018 14:23:28
Avonex,interferon beta-1a,1/1/18 0:00,Requires Prior Approval,,Multiple sclerosis,65,Avonex, 04/27/2018 14:23:28
Axert,almotriptan,1/1/17 0:00,"Requires Prior Approval, Subject to Quantity Limits",,Antimigraine,66,Axert, 04/27/2018 14:23:28
Axiron,testosterone topical solution,1/1/18 0:00,Requires Prior Approval,,Testosterone Products,67,Axiron, 04/27/2018 14:23:28
Azelex,azelaic acid cream,9/1/17 0:00,"Requires Prior Approval, Requires Step Therapy",,Topical Acne Products,68,Azelex, 04/27/2018 14:23:28
Bavencio,avelumab,1/1/18 0:00,Requires Prior Authorization,,Oncology,69,Bavencio, 04/27/2018 14:23:28
Bebulin,factor IX complex [human],1/1/17 0:00,Requires Prior Approval,,Hemophilia,70,Bebulin, 04/27/2018 14:23:28
Beconase AQ,beclometasone dipropionate,1/1/17 0:00,Requires Excluded Exception Approval,,Nasal Steriods,71,Beconase AQ, 04/27/2018 14:23:28
Belbuca,buprenorphine buccal film,3/1/18 0:00,"Requires Prior Approval, Requires Step Therapy, Subject to Quantity Limits",,Opioid Analgesics,72,Belbuca, 04/27/2018 14:23:28
Beleodaq,belinostat solution reconstituted,1/1/17 0:00,Requires Prior Approval,,Oncology,73,Beleodaq, 04/27/2018 14:23:28
Belsomra,suvorexant,1/1/18 0:00,Requires Prior Approval,,Sedative-Hypnotics,74,Belsomra, 04/27/2018 14:23:29
Belviq,lorcaserin hydrocholoride tablets,1/1/17 0:00,Requires Prior Approval,,Antiobesity,75,Belviq, 04/27/2018 14:23:29
Bendeka,bendamustine,1/1/18 0:00,Requires Prior Approval,,Oncology,76,Bendeka, 04/27/2018 14:23:29
Benefix,coagulation factor IX [recombinant],1/1/17 0:00,Requires Prior Approval,,Hemophilia,77,Benefix, 04/27/2018 14:23:29
Benlysta,belimumab solution reconstituted,1/1/17 0:00,Requires Prior Approval,,Systemic Lupus Erythematosus,78,Benlysta, 04/27/2018 14:23:29
Benzac,benzoyl peroxide gel,9/1/17 0:00,"Requires Prior Approval, Requires Step Therapy",,Topical Acne Products,79,Benzac, 04/27/2018 14:23:29
Benzaclin,clindamycin phosphate/benzoyl peroxide gel,9/1/17 0:00,"Requires Prior Approval, Requires Step Therapy",,Topical Acne Products,80,Benzaclin, 04/27/2018 14:23:29
Benziq,benzoyl peroxide,9/1/17 0:00,"Requires Prior Approval, Requires Step Therapy",,Topical Acne Products,81,Benziq, 04/27/2018 14:23:29
Berinert,C1 esterase inhibitor [human] for IV,1/1/17 0:00,Requires Prior Approval,,Hereditary Angioedema,82,Berinert, 04/27/2018 14:23:29
Besponsa,inotuzumab ozogamicin,1/1/18 0:00,Requires Prior Approval,,Oncology,83,Besponsa, 04/27/2018 14:23:29
Betaseron,interferon beta-1b for subcutaneous [SC] injection,1/1/18 0:00,Requires Prior Approval,,Multiple Sclerosis,84,Betaseron, 04/27/2018 14:23:29
Bethkis,tobramycin (oral inhalation) nebulization solution,1/1/18 0:00,Requires Prior Approval,,Cystic Fibrosis,85,Bethkis, 04/27/2018 14:23:29
Bevespi,Glycopyrrolate; Formoterol,1/1/17 0:00,Subject to Quantity Limits,,LABA/Anticholinergic,86,Bevespi, 04/27/2018 14:23:29
Biltricide,praziquantel,10/1/17 0:00,"Requires Prior Approval, Subject to Quantity Limits",,Anthelmintic,87,Biltricide, 04/27/2018 14:23:29
Binosto,alendronate effervescent tablets,1/1/17 0:00,Requires Step Therapy,,Bisphosphanates,88,Binosto, 04/27/2018 14:23:29
Blincyto,Blinatumomab,1/1/17 0:00,Requires Prior Approval,,Oncology,89,Blincyto, 04/27/2018 14:23:29
Bontril,phendimetrazine,1/1/17 0:00,Requires Prior Approval,,Antiobesity,90,Bontril, 04/27/2018 14:23:29
Bosulif,bosutinib tablets,1/1/18 0:00,Requires Prior Approval,,Oncology,91,Bosulif, 04/27/2018 14:23:29
Botox,onabotulinumtoxin A,1/1/17 0:00,Requires Prior Approval,,Botulinum Toxins,92,Botox, 04/27/2018 14:23:29
Bravelle,urofollitropin,1/1/17 0:00,Requires Excluded Exception Approval,,Fertility Products - Specialty,93,Bravelle, 04/27/2018 14:23:29
Breo Ellipta,Fluticasone; Vilanterol,1/1/17 0:00,Subject to Quantity Limits,,LABA/Corticosteroid,94,Breo Ellipta, 04/27/2018 14:23:29
Brovana,Arformoterol,1/1/17 0:00,Subject to Quantity Limits,,Long-Acting Beta Agonists (LABA),95,Brovana, 04/27/2018 14:23:29
Buphenyl,sodium phenylbutyrate,1/1/17 0:00,Requires Prior Approval,,Urea Cycle Disorders,96,Buphenyl, 04/27/2018 14:23:29
Butorphanol Nasal Spray,Butorphanol Nasal Spray,1/1/17 0:00,"Requires Prior Approval, Subject to Quantity Limits",,Opioid Analgesics,97,Butorphanol Nasal Spray, 04/27/2018 14:23:29
Butrans,buprenorphine transdermal system,3/1/18 0:00,"Requires Prior Approval, Requires Step Therapy, Subject to Quantity Limits",,Opioid Analgesics,98,Butrans, 04/27/2018 14:23:29
Cabometyx,cabozantinib,1/1/18 0:00,Requires Prior Authorization,,Oncology,99,Cabometyx, 04/27/2018 14:23:29
Calquence,acalabrutinib,1/1/18 0:00,Requires Prior Authorization,,Oncology,100,Calquence, 04/27/2018 14:23:29
Cambia,diclofenac potassium powder for oral solution,1/1/17 0:00,Requires Step Therapy,,COX-2/NSAIDs,101,Cambia, 04/27/2018 14:23:29
Caprelsa,vandetanib,1/1/18 0:00,Requires Prior Authorization,,Oncology,102,Caprelsa, 04/27/2018 14:23:29
Carbaglu,carglumic acid,1/1/18 0:00,Requires Prior Authorization,,Urea Cycle Disorders,103,Carbaglu, 04/27/2018 14:23:29
Cayston,aztreonam,1/1/18 0:00,Requires Prior Authorization,,Cystic Fibrosis,104,Cayston, 04/27/2018 14:23:29
Ceprotin,protein C,1/1/17 0:00,Requires Prior Approval,,Coagulation Disorders,105,Ceprotin, 04/27/2018 14:23:29
Cerdelga,eliglustat,1/1/18 0:00,Requires Prior Authorization,,Enzyme Inhibitor,106,Cerdelga, 04/27/2018 14:23:29
Cerezyme,imiglucerase,1/1/18 0:00,Requires Prior Approval,,Lysosomal Storage Disorders,107,Cerezyme, 04/27/2018 14:23:29
Cesamet,nabilone,1/1/17 0:00,"Requires Prior Approval, Subject to Quantity Limits",,Antiemetics,108,Cesamet, 04/27/2018 14:23:29
Cetrotide,cetrorelix acetate,1/1/18 0:00,Requires Prior Approval,,Fertility Products - Specialty,109,Cetrotide, 04/27/2018 14:23:29
Cholbam,cholic acid,1/1/18 0:00,Requires Prior Approval,,GI Disorders,110,Cholbam, 04/27/2018 14:23:29
Cialis 2.5 and 5 mg,tadalafil,1/1/17 0:00,"Requires Prior Approval, Requires Step Therapy",,BPH,111,Cialis 2.5 and 5 mg, 04/27/2018 14:23:29
Ciclodan Kit,ciclopirox topical solution 8% moisturize,10/1/17 0:00,Requires Prior Approval,,Topical Antifungals,112,Ciclodan Kit, 04/27/2018 14:23:29
Cimzia,certolizumab pegol,1/1/18 0:00,"Requires Prior Approval, Requires Step Therapy",,Autoimmune,113,Cimzia, 04/27/2018 14:23:29
Cinqair,reslizumab,1/1/18 0:00,Requires Excluded Exception Approval,,Asthma,114,Cinqair, 04/27/2018 14:23:29
Cinryze,C1 esterase inhibitor,1/1/18 0:00,Requires Prior Approval,,Hereditary Angioedema,115,Cinryze, 04/27/2018 14:23:29
Claravis,isotretinoin,1/1/17 0:00,Requires Prior Approval,,Isotretinoins,116,Claravis, 04/27/2018 14:23:29
Cleocin-T,clindamycin phosphate gel,9/1/17 0:00,"Requires Prior Approval, Requires Step Therapy",,Topical Acne Products,117,Cleocin-T, 04/27/2018 14:23:29
Clindagel,clindamycin phosphate gel,9/1/17 0:00,"Requires Prior Approval, Requires Step Therapy",,Topical Acne Products,118,Clindagel, 04/27/2018 14:23:29
Clomiphene,clomiphene citrate,1/1/17 0:00,Requires Prior Approval,,Fertility Products - Non-Specialty,119,Clomiphene, 04/27/2018 14:23:29
Coagadex,coagulation Factor X,1/1/18 0:00,Requires Prior Approval,,Blood Product Derivative,120,Coagadex, 04/27/2018 14:23:29
Codeine,codeine sulfate,3/1/18 0:00,"Requires Prior Approval, Requires Step Therapy, Subject to Quantity Limits",,Opioid Analgesics,121,Codeine, 04/27/2018 14:23:29
Combivir,lamivudine/zidovudine,1/1/18 0:00,Subject to Quantity Limits,,HIV,122,Combivir, 04/27/2018 14:23:29
Cometriq,cabozantinib,1/1/18 0:00,Requires Prior Approval,,Oncology,123,Cometriq, 04/27/2018 14:23:29
Complera,emtricitabine/rilpivirine/tenofovir,1/1/18 0:00,Subject to Quantity Limits,,HIV,124,Complera, 04/27/2018 14:23:30
Compounded Products,-,1/1/17 0:00,Requires Prior Approval,,Compounded Products,125,Compounded Products, 04/27/2018 14:23:30
Concerta,methylphenidate extended-release tablets,1/1/17 0:00,"Requires Prior Approval, Subject to Quantity Limits",,ADHD-Narcolepsy Agents,126,Concerta, 04/27/2018 14:23:30
Contrave,naltrexone Hcl/buproprion Hcl ER tablets,1/1/17 0:00,Requires Prior Approval,,Antiobesity,127,Contrave, 04/27/2018 14:23:30
Conzip,tramadol hydrochloride extended-release,3/1/18 0:00,"Requires Prior Approval, Requires Step Therapy, Subject to Quantity Limits",,Opioid Analgesics - Extended-Release,128,Conzip, 04/27/2018 14:23:30
Copaxone,glatiramer,1/1/18 0:00,Requires Prior Approval,,Multiple Sclerosis,129,Copaxone, 04/27/2018 14:23:30
Copegus,ribavirin,1/1/17 0:00,Requires Prior Approval,,Hepatitis,130,Copegus, 04/27/2018 14:23:30
Corlanor,ivabradine tablets,1/1/17 0:00,Requires Prior Approval,,Misc CV Agents,131,Corlanor, 04/27/2018 14:23:30
Cosentyx,secukinumab,1/1/18 0:00,"Requires Prior Approval, Requires Step Therapy",,Autoimmune,132,Cosentyx, 04/27/2018 14:23:30
Cotempla XR-ODT,methylphenidate extended-release,1/1/18 0:00,Requires Excluded Exception Approval,,ADHD-Narcolepsy Agents,133,Cotempla XR-ODT, 04/27/2018 14:23:30
Cotellic,cobimetinib,1/1/18 0:00,Requires Prior Approval,,Oncology,134,Cotellic, 04/27/2018 14:23:30
Crinone,"progesterone, vaginal",1/1/17 0:00,Requires Prior Approval,,Fertility Products - Non-Specialty,135,Crinone, 04/27/2018 14:23:30
Crixivan,indinavir,1/1/18 0:00,Subject to Quantity Limits,,HIV,136,Crixivan, 04/27/2018 14:23:30
Cuprimine,penicillamine,10/1/17 0:00,"Requires Prior Approval, Requires Step Therapy",,Chelating Agent,137,Cuprimine, 04/27/2018 14:23:30
Cuvitru,immune globulin ,1/1/17 0:00,Requires Excluded Exception Approval,,IVIG,138,Cuvitru, 04/27/2018 14:23:30
Cyramza,ramucirumab,1/1/18 0:00,Requires Prior Approval,,Oncology,139,Cyramza, 04/27/2018 14:23:30
Cystagon,cysteamine bitartrate,1/1/18 0:00,Requires Prior Approval,,Anticystine Agent,140,Cystagon, 04/27/2018 14:23:30
Cystaran,cysteamine,1/1/18 0:00,Requires Prior Approval,,Anticystine Agent,141,Cystaran, 04/27/2018 14:23:30
Dacogen,Decitabine,1/1/17 0:00,Requires Prior Approval,,Oncology,142,Dacogen, 04/27/2018 14:23:30
Daklinza,daclatasvir,1/1/18 0:00,Requires Excluded Exception Approval,,Hepatitis,143,Daklinza, 04/27/2018 14:23:30
Daraprim,pyrimethamine tablets,1/1/17 0:00,Requires Prior Approval,,Antiparasitic,144,Daraprim, 04/27/2018 14:23:30
Darzalex,daratumumab,1/1/17 0:00,Requires Prior Approval,,Oncology,145,Darzalex, 04/27/2018 14:23:30
Daytrana,methylphenidate transdermal system,1/1/17 0:00,"Requires Prior Approval, Subject to Quantity Limits",,ADHD-Narcolepsy Agents,146,Daytrana, 04/27/2018 14:23:30
Delatestryl,testosterone enanthate injection,1/1/18 0:00,Requires Prior Approval,,Testosterone Products,147,Delatestryl, 04/27/2018 14:23:30
Demerol,meperidine hydrochloride ,3/1/18 0:00,"Requires Prior Approval, Requires Step Therapy, Subject to Quantity Limits",,Opioid Analgesics,148,Demerol, 04/27/2018 14:23:30
Depo-Testosterone,testosterone cypionate injection,1/1/18 0:00,Requires Prior Approval,,Testosterone Products,149,Depo-Testosterone, 04/27/2018 14:23:30
Descovy,emtricitabine/tenofovir,1/1/18 0:00,Subject to Quantity Limits,,HIV,150,Descovy, 04/27/2018 14:23:30
Desferal,deferoxamine,1/1/17 0:00,Requires Prior Approval,,Iron Overload,151,Desferal, 04/27/2018 14:23:30
Desoxyn,methamphetamine tablets,1/1/17 0:00,"Requires Prior Approval, Subject to Quantity Limits",,ADHD-Narcolepsy Agents,152,Desoxyn, 04/27/2018 14:23:30
Dexedrine,Dextroamphetamine extended-release,1/1/17 0:00,"Requires Prior Approval, Subject to Quantity Limits",,ADHD-Narcolepsy Agents,153,Dexedrine, 04/27/2018 14:23:30
Diethylpropion,Diethylpropion,1/1/17 0:00,Requires Prior Approval,,Antiobesity,154,Diethylpropion, 04/27/2018 14:23:30
Differin,adapalene,1/1/17 0:00,Requires Prior Approval,,Retinoids,155,Differin, 04/27/2018 14:23:30
Dilaudid,hydromorphone,3/1/18 0:00,"Requires Prior Approval, Requires Step Therapy, Subject to Quantity Limits",,Opioid Analgesics,156,Dilaudid, 04/27/2018 14:23:30
Dolophine,methadone hydrochloride tablets,3/1/18 0:00,"Requires Prior Approval, Requires Step Therapy, Subject to Quantity Limits",,Opioid Analgesics,157,Dolophine, 04/27/2018 14:23:30
Doral,quazepam,1/1/17 0:00,Subject to Quantity Limits,,Sedative-Hypnotics,158,Doral, 04/27/2018 14:23:30
Duac,clindamycin phosphate/benzoyl peroxide gel,9/1/17 0:00,"Requires Prior Approval, Requires Step Therapy",,Topical Acne Products,159,Duac, 04/27/2018 14:23:30
Dulera,Formoterol; mometasone,1/1/17 0:00,Requires Excluded Exception Approval,,LABA/Corticosteroid,160,Dulera, 04/27/2018 14:23:30
Dupixent,dupilumab,1/1/18 0:00,Requires Prior Approval,,Eczema,161,Dupixent, 04/27/2018 14:23:30
Duragesic,fentanyl transdermal system,3/1/18 0:00,"Requires Prior Approval, Requires Step Therapy, Subject to Quantity Limits",,Opioid Analgesics - Extended-Release,162,Duragesic, 04/27/2018 14:23:30
Dyanavel XR,amphetamine extended release,1/1/17 0:00,"Requires Prior Approval, Subject to Quantity Limits",,ADHD-Narcolepsy Agents,163,Dyanavel XR, 04/27/2018 14:23:30
Dysport,AbobotulinumtoxinA,1/1/17 0:00,Requires Prior Approval,,Botulinum Toxins,164,Dysport, 04/27/2018 14:23:31
Edarbi,azilsartan medoxomil,1/1/17 0:00,Requires Excluded Exception Approval,,Angiotensin II Receptor Antagonists,165,Edarbi, 04/27/2018 14:23:31
Edarbyclor,azilsartan medoxomil/chlorthalidone,1/1/17 0:00,Requires Excluded Exception Approval,,Angiotensin II Receptor Antagonists,166,Edarbyclor, 04/27/2018 14:23:31
Edluar,zolpidem sublingual tablet,1/1/17 0:00,Requires Step Therapy,,Sedative-Hypnotics,167,Edluar, 04/27/2018 14:23:31
Edurant,rilpivirine,1/1/18 0:00,Subject to Quantity Limits,,HIV,168,Edurant, 04/27/2018 14:23:31
Egrifta,tesamorelin injection,1/1/17 0:00,Requires Prior Approval,,HIV,169,Egrifta, 04/27/2018 14:23:31
Elaprase,Idursulfase,1/1/17 0:00,Requires Prior Approval,,Lysosomal Storage Disorders,170,Elaprase, 04/27/2018 14:23:31
Elelyso,Taliglucerase Alfa,1/1/18 0:00,Requires Prior Approval,,Lysosomal Storage Disorders,171,Elelyso, 04/27/2018 14:23:31
Elidel,Calcineurin Inhibitor,10/1/17 0:00,Requires Prior Approval,,Chelating Agent,172,Elidel, 04/27/2018 14:23:31
Eligard,Leuprolide,1/1/17 0:00,Requires Prior Approval,,Hormonal Therapies,173,Eligard, 04/27/2018 14:23:31
Eloctate,Antihemophilic factor VIII,1/1/17 0:00,Requires Excluded Exception Approval,,Hemophilia,174,Eloctate, 04/27/2018 14:23:31
Embeda,morphine sulfate and naltrexone hydrochloride extended-release,3/1/18 0:00,Requires Excluded Exception Approval,,Opioid Analgesics - Extended-Release,175,Embeda, 04/27/2018 14:23:31
Emend,aprepitant capsules,1/1/17 0:00,"Requires Prior Approval, Subject to Quantity Limits",,Antiemetics,176,Emend, 04/27/2018 14:23:31
Emflaza,deflazazort,1/1/18 0:00,Requires Excluded Exception Approval,,Corticosteroid,177,Emflaza, 04/27/2018 14:23:31
EMLA,Lidocaine; Prilocaine,1/1/17 0:00,"Requires Prior Approval, Subject to Quantity Limits",,Topical Anesthetics - Lidocaine Containing,178,EMLA, 04/27/2018 14:23:31
Empliciti,Elotuzumab,1/1/17 0:00,Requires Prior Approval,,Oncology,179,Empliciti, 04/27/2018 14:23:31
Emtriva,emtricitabine,1/1/18 0:00,Subject to Quantity Limits,,HIV,180,Emtriva, 04/27/2018 14:23:31
Emverm,mebendazole,10/1/17 0:00,"Requires Prior Approval, Subject to Quantity Limits",,Anthelmintic,181,Emverm, 04/27/2018 14:23:31
Enbrel,etanercept injection,1/1/18 0:00,Requires Prior Approval,,Autoimmune,182,Enbrel, 04/27/2018 14:23:31
Endometrin,"progesterone, vaginal",1/1/17 0:00,Requires Prior Approval,,Fertility Products - Non-Specialty,183,Endometrin, 04/27/2018 14:23:31
Entresto,sacubitril-valsartan tablets,1/1/17 0:00,Requires Prior Approval,,Heart Failure,184,Entresto, 04/27/2018 14:23:31
Endari,l-glutamine oral powder,1/1/18 0:00,Requires Prior Approval,,Blood Product Derivative,185,Endari, 04/27/2018 14:23:31
Entyvio,Vedolizumab,1/1/18 0:00,Requires Excluded Exception Approval,,IBS,186,Entyvio, 04/27/2018 14:23:31
Epclusa,Sofosbuvir,1/1/18 0:00,Requires Prior Approval,,Hepatitis C,187,Epclusa, 04/27/2018 14:23:31
Epiduo/Epiduo Forte,adapalene/benzoyl peroxide gel,9/1/17 0:00,"Requires Prior Approval, Requires Step Therapy",,Topical Acne Products,188,Epiduo/Epiduo Forte, 04/27/2018 14:23:31
Epivir,lamivudine,1/1/18 0:00,Subject to Quantity Limits,,HIV,189,Epivir, 04/27/2018 14:23:31
Epogen,Epoetin Alfa,1/1/17 0:00,Requires Prior Approval,,Anemia,190,Epogen, 04/27/2018 14:23:31
Epzicom,abacavir/lamivudine,1/1/18 0:00,Subject to Quantity Limits,,HIV,191,Epzicom, 04/27/2018 14:23:31
Erbitux,Cetuximab,1/1/17 0:00,Requires Prior Approval,,Oncology,192,Erbitux, 04/27/2018 14:23:31
Erivedge,vismodegib capsules,1/1/18 0:00,Requires Prior Approval,,Oncology,193,Erivedge, 04/27/2018 14:23:31
Erwinaze,L-asparaginase,1/1/17 0:00,Requires Prior Approval,,Oncology,194,Erwinaze, 04/27/2018 14:23:32
Erygel,erythromycin topical gel,9/1/17 0:00,"Requires Prior Approval, Requires Step Therapy",,Topical Acne Products,195,Erygel, 04/27/2018 14:23:32
Esbriet,pirfenidone capsules,1/1/18 0:00,Requires Prior Approval,,Idiopathic Pulmonary Fibrosis,196,Esbriet, 04/27/2018 14:23:32
Estazolam,estazolam,1/1/17 0:00,Subject to Quantity Limits,,Sedative-Hypnotics,197,Estazolam, 04/27/2018 14:23:32
Euflexxa,sodium hyaluronate,1/1/18 0:00,Requires Excluded Exception Approval,,Osteoarthritis,198,Euflexxa, 04/27/2018 14:23:32
Evekeo,amphetamine sulfate tablets,1/1/17 0:00,"Requires Prior Approval, Subject to Quantity Limits",,ADHD-Narcolepsy Agents,199,Evekeo, 04/27/2018 14:23:32
Evoclin,clindamycin phosphate gel,9/1/17 0:00,"Requires Prior Approval, Requires Step Therapy",,Topical Acne Products,200,Evoclin, 04/27/2018 14:23:32
Evotaz,atazanavir/cobicistat,1/1/18 0:00,Subject to Quantity Limits,,HIV,201,Evotaz, 04/27/2018 14:23:32
Exalgo,hydromorphone hcl extended release tablets,3/1/17 0:00,"Requires Prior Approval, Requires Step Therapy, Subject to Quantity Limits",,Opioid Analgesics - Extended-Release,202,Exalgo, 04/27/2018 14:23:32
Exjade,Deferasirox,1/1/17 0:00,Requires Prior Approval,,Iron Overload,203,Exjade, 04/27/2018 14:23:32
Exondys 51,eteplirsen,1/1/18 0:00,Requires Prior Approval,,Duchenne muscular dystrophy,204,Exondys 51, 04/27/2018 14:23:32
Extavia,interferon beta-1b,1/1/18 0:00,Requires Excluded Exception Approval,,Multiple Sclerosis,205,Extavia, 04/27/2018 14:23:32
Eylea,Aflibercept,1/1/17 0:00,Requires Prior Approval,,Retinal Disorders,206,Eylea, 04/27/2018 14:23:32
Fabior,tazarotene foam,1/1/17 0:00,"Requires Prior Approval, Requires Step Therapy",,Retinoids,207,Fabior, 04/27/2018 14:23:32
Fabrazyme,Agalsidase Beta,1/1/17 0:00,Requires Prior Approval,,Lysosomal Storage Disorders,208,Fabrazyme, 04/27/2018 14:23:32
Fanapt,iloperidone,10/1/17 0:00,Requires Prior Approval,,Atypical Antipsychotics,209,Fanapt, 04/27/2018 14:23:32
Farydak,panobinostat,1/1/17 0:00,Requires Excluded Exception Approval,,Oncology,210,Farydak, 04/27/2018 14:23:33
Fasenra,benralizumab,1/1/18 0:00,Requires Excluded Exception Approval,,Asthma,211,Fasenra, 04/27/2018 14:23:33
Feiba,Antihemophilic Factor VIII,1/1/17 0:00,Requires Prior Approval,,Hemophilia,212,Feiba, 04/27/2018 14:23:33
Fenortho 200 mg,fenoprofen 200 mg,1/1/17 0:00,Requires Excluded Exception Approval,,COX-2/NSAIDs,213,Fenortho 200 mg, 04/27/2018 14:23:33
Fentora,fentanyl buccal tablets,1/1/17 0:00,"Requires Prior Approval, Subject to Quantity Limits",,Oral/Intranasal Fentanyl Products,214,Fentora, 04/27/2018 14:23:32
Ferriprox,deferiprone,1/1/17 0:00,Requires Excluded Exception Approval,,Iron Overload,215,Ferriprox, 04/27/2018 14:23:32
Finacea,azelaic acid,10/1/17 0:00,Requires Prior Approval,,Rosacea,216,Finacea, 04/27/2018 14:23:32
Firazyr,icatibant for subcutaneous [SC] injection,1/1/17 0:00,Requires Prior Approval,,Hereditary Angioedema,217,Firazyr, 04/27/2018 14:23:32
Firmagon,Degarelix,1/1/17 0:00,Requires Prior Approval,,Hormonal Therapies,218,Firmagon, 04/27/2018 14:23:32
Flector,Diclofenac,1/1/17 0:00,Requires Step Therapy,,COX-2/NSAIDs,219,Flector, 04/27/2018 14:23:32
Flurazepam,flurazepam,1/1/17 0:00,Subject to Quantity Limits,,Sedative-Hypnotics,220,Flurazepam, 04/27/2018 14:23:32
Focalin,dexmethylphenidate immediate release tablets,1/1/17 0:00,"Requires Prior Approval, Subject to Quantity Limits",,ADHD-Narcolepsy Agents,221,Focalin, 04/27/2018 14:23:32
Focalin XR,dexmethylphenidate extended release tablets,1/1/17 0:00,"Requires Prior Approval, Subject to Quantity Limits",,ADHD-Narcolepsy Agents,222,Focalin XR, 04/27/2018 14:23:32
Follistim AQ,follitropin beta,1/1/17 0:00,Requires Excluded Exception Approval,,Fertility Products - Specialty,223,Follistim AQ, 04/27/2018 14:23:32
Folotyn,Pralatrexate,1/1/17 0:00,Requires Prior Approval,,Oncology,224,Folotyn, 04/27/2018 14:23:32
Foradil,Formoterol,1/1/17 0:00,Subject to Quantity Limits,,Long-Acting Beta Agonists (LABA),225,Foradil, 04/27/2018 14:23:32
Fortamet,metformin ER,8/1/17 0:00,Requires Prior Approval,,Diabetes,226,Fortamet, 04/27/2018 14:23:32
Forteo,teriparatide injection,1/1/18 0:00,Requires Prior Approval,,Osteoporosis,227,Forteo, 04/27/2018 14:23:32
Fortesta,testosterone topical gel,1/1/18 0:00,Requires Excluded Exception Approval,,Testosterone Products,228,Fortesta, 04/27/2018 14:23:32
Fosamax + D,alendronate/cholecalciferol,1/1/17 0:00,Requires Step Therapy,,Bisphosphanates,229,Fosamax + D, 04/27/2018 14:23:32
Frova,frovatriptan,1/1/17 0:00,"Requires Prior Approval, Requires Step Therapy, Subject to Quantity Limits",,Antimigraine,230,Frova, 04/27/2018 14:23:32
Fusilev,Levoleucovorin,1/1/17 0:00,Requires Prior Approval,,Oncology,231,Fusilev, 04/27/2018 14:23:32
Fuzeon,enfuvirtide,1/1/18 0:00,Subject to Quantity Limits,,HIV,232,Fuzeon, 04/27/2018 14:23:32
Gammaguard,Immune globulin,1/1/17 0:00,Requires Prior Approval,,IVIG,233,Gammaguard, 04/27/2018 14:23:32
Gammaked,immune globulin injection (Human),1/1/17 0:00,Requires Prior Approval,,IVIG,234,Gammaked, 04/27/2018 14:23:33
Gammunex-C,Immune globulin,1/1/17 0:00,Requires Prior Approval,,IVIG,235,Gammunex-C, 04/27/2018 14:23:33
Ganirelix acetate,ganirelix acetate,1/1/17 0:00,Requires Prior Approval,,Fertility Products - Specialty,236,Ganirelix acetate, 04/27/2018 14:23:33
Gattex,Teduglutide,1/1/17 0:00,Requires Prior Approval,,GI Disorders,237,Gattex, 04/27/2018 14:23:33
Gazyva,Obinutuzumab,1/1/17 0:00,Requires Prior Approval,,Oncology,238,Gazyva, 04/27/2018 14:23:33
Gel-One,hyaluronate,1/1/17 0:00,Requires Prior Approval,,Osteoarthritis,239,Gel-One, 04/27/2018 14:23:33
Gelsyn-3,hyaluronate,1/1/17 0:00,Requires Prior Approval,,Osteoarthritis,240,Gelsyn-3, 04/27/2018 14:23:33
Genotropin,somatropin,1/1/17 0:00,Requires Excluded Exception Approval,,Growth Hormone,241,Genotropin, 04/27/2018 14:23:33
Genvisc 850,hyaluronate,1/1/17 0:00,Requires Prior Approval,,Osteoarthritis,242,Genvisc 850, 04/27/2018 14:23:33
Genvoya,elvitegravir/cobicistat/emtricitabine/tenofovir,1/1/18 0:00,Subject to Quantity Limits,,HIV,243,Genvoya, 04/27/2018 14:23:33
Gilenya,fingolimod capsules,1/1/18 0:00,Requires Prior Approval,,Multiple Sclerosis,244,Gilenya, 04/27/2018 14:23:33
Gilotrif,afatinib,1/1/18 0:00,Requires Prior Approval,,Oncology,245,Gilotrif, 04/27/2018 14:23:33
Glassia,Alpha-1-proteinase Inhibitor,1/1/17 0:00,Requires Prior Approval,,Alpha-1 Antitrypsin Deficiency,246,Glassia, 04/27/2018 14:23:33
Glatopa,glatiramer acetate injection,1/1/18 0:00,Requires Prior Approval,,Multiple Sclerosis,247,Glatopa, 04/27/2018 14:23:33
Gleevec,imatinib mesylate,1/1/18 0:00,"Requires Prior Approval, Subject to Quantity Limits",,Oncology,248,Gleevec, 04/27/2018 14:23:34
Glumetza,metformin ER,8/1/17 0:00,Requires Prior Approval,,Diabetes,249,Glumetza, 04/27/2018 14:23:34
Gonal-F,follitropin alfa,1/1/17 0:00,Requires Prior Approval,,Fertility Products - Specialty,250,Gonal-F, 04/27/2018 14:23:34
Granix,Tbo-Filgrastim,1/1/17 0:00,Requires Prior Approval,,Neutropenia,251,Granix, 04/27/2018 14:23:34
Grastek,timothy grass pollen allergen extract sublingual [SL] tablets,1/1/17 0:00,Requires Prior Approval,,Sublingual Immunotherapy Products,252,Grastek, 04/27/2018 14:23:34
H.P. Acthar Gel,repository corticotropin injection,8/1/17 0:00,Requires Prior Approval,,Seizure Disorders,253,H.P. Acthar Gel, 04/27/2018 14:23:34
Haegarda,C1 Esterase Inhibitor,1/1/18 0:00,Requires Prior Approval,,Hereditary Angioedema,254,Haegarda, 04/27/2018 14:23:33
Halaven,Eribulin,1/1/17 0:00,Requires Prior Approval,,Oncology,255,Halaven, 04/27/2018 14:23:33
Halcion,Triazolam,1/1/17 0:00,Subject to Quantity Limits,,Sedative-Hypnotics,256,Halcion, 04/27/2018 14:23:33
Harvoni,sofosbuvir/ledipasvir tablets,1/1/18 0:00,Requires Prior Approval,,Hepatitis C,257,Harvoni, 04/27/2018 14:23:33
Helixate FS,Antihemophilic factor VIII,1/1/17 0:00,Requires Excluded Exception Approval,,Hemophilia,258,Helixate FS, 04/27/2018 14:23:33
Hemlibra,emicizumab-kxwh,1/1/18 0:00,Requires Excluded Exception Approval,,Hemophilia,259,Hemlibra, 04/27/2018 14:23:33
Hemofil M,Antihemophilic Factor VIII,1/1/17 0:00,Requires Prior Approval,,Hemophilia,260,Hemofil M, 04/27/2018 14:23:33
Herceptin,Trastuzumab,1/1/17 0:00,Requires Prior Approval,,Oncology,261,Herceptin, 04/27/2018 14:23:33
Hetlioz,tasimelteon capsules,1/1/18 0:00,Requires Prior Approval,,Sleep Disorders,262,Hetlioz, 04/27/2018 14:23:33
Hizentra,immune globulin subcutaneous,1/1/17 0:00,Requires Prior Approval,,IVIG,263,Hizentra, 04/27/2018 14:23:33
Humate-P,Antihemophilic Factor VIII,10/1/17 0:00,Requires Prior Approval,,Hemophilia,264,Humate-P, 04/27/2018 14:23:33
Humatrope,somatropin injection,1/1/17 0:00,Requires Prior Approval,,Growth Hormone and Related Disorders,265,Humatrope, 04/27/2018 14:23:33
Humira,adalimumab injection,1/1/18 0:00,Requires Prior Approval,,IBS/RA/Psoriasis,266,Humira, 04/27/2018 14:23:33
Hyalgan,Sodium Hyaluronate,1/1/17 0:00,Requires Excluded Exception Approval,,Osteoarthritis,267,Hyalgan, 04/27/2018 14:23:33
Hycamtin,Topotecan,1/1/17 0:00,Requires Prior Approval,,Oncology,268,Hycamtin, 04/27/2018 14:23:33
Hymovis,Sodium Hyaluronate,1/1/17 0:00,Requires Excluded Exception Approval,,Osteoarthritis,269,Hymovis, 04/27/2018 14:23:33
HyQvia,immune globulin subcutaneous,1/1/18 0:00,Requires Prior Approval,,IVIG,270,HyQvia, 04/27/2018 14:23:33
Hysingla,hydrocodone bitartrate extended-release tablets,3/1/17 0:00,"Requires Prior Approval, Requires Step Therapy, Subject to Quantity Limits",,Opioid Analgesics - Extended-Release,271,Hysingla, 04/27/2018 14:23:33
Ibrance,Palbociclib,1/1/18 0:00,Requires Prior Approval,,Oncology,272,Ibrance, 04/27/2018 14:23:33
Ibudone,ibuprofen/hydrocodone,3/1/18 0:00,"Requires Prior Approval, Requires Step Therapy, Subject to Quantity Limits",,Opioid Analgesics,273,Ibudone, 04/27/2018 14:23:33
Iclusig,ponatinib tablets,1/1/18 0:00,Requires Prior Approval,,Oncology,274,Iclusig, 04/27/2018 14:23:34
Idelvion,"coagulation factor IX [recombinant], albumin fusion protein",1/1/17 0:00,Requires Excluded Exception Approval,,Hemophilia,275,Idelvion, 04/27/2018 14:23:34
Idhifa,enasidenib,1/1/18 0:00,Requires Excluded Exception Approval,,Oncology,276,Idhifa, 04/27/2018 14:23:34
Ilaris,canakinumab for subcutaneous [SC] injection,1/1/17 0:00,Requires Prior Approval,,Cryopyrin Associated Periodic Synd (CAPS),277,Ilaris, 04/27/2018 14:23:34
Imbruvica,Ibrutinib,1/1/18 0:00,Requires Prior Approval,,Oncology,278,Imbruvica, 04/27/2018 14:23:34
Imfinzi,durvalumab,1/1/18 0:00,Requires Excluded Exception Approval,,Oncology,279,Imfinzi, 04/27/2018 14:23:34
Imitrex,sumatriptan tablets,1/1/17 0:00,"Requires Prior Approval, Subject to Quantity Limits",,Antimigraine,280,Imitrex, 04/27/2018 14:23:34
Imlygic,Talimogene Laherparepvec,1/1/17 0:00,Requires Prior Approval,,Oncology,281,Imlygic, 04/27/2018 14:23:34
Increlex,mecasermin [rDNA origin] injection,1/1/17 0:00,Requires Prior Approval,,Growth Hormone and Related Disorders,282,Increlex, 04/27/2018 14:23:34
Inflectra,infliximab-dyyb,1/1/18 0:00,Requires Excluded Exception Approval,,Autoimmune,283,Inflectra, 04/27/2018 14:23:34
Ingrezza,valbenazine,1/1/18 0:00,Requires Excluded Exception Approval,,Tardive Dyskinesia,284,Ingrezza, 04/27/2018 14:23:34
Inlyta,Axitinib,1/1/18 0:00,Requires Prior Approval,,Oncology,285,Inlyta, 04/27/2018 14:23:34
Inova,benzoyl peroxide/salicylic acid pad,9/1/17 0:00,"Requires Prior Approval, Requires Step Therapy",,Topical Acne Products,286,Inova, 04/27/2018 14:23:34
Intelence,etravirine,1/1/18 0:00,Subject to Quantity Limits,,HIV,287,Intelence, 04/27/2018 14:23:35
Intermezzo,zolpidem,1/1/18 0:00,Requires Excluded Exception Approval,,Sedative-Hypnotics,288,Intermezzo, 04/27/2018 14:23:35
Intron A,Interferon Alfa-2b,1/1/17 0:00,Requires Prior Approval,,Oncology,289,Intron A, 04/27/2018 14:23:35
Invirase,saquinavir,1/1/18 0:00,Subject to Quantity Limits,,HIV,290,Invirase, 04/27/2018 14:23:35
Invokamet,canagliflozin/metformin,1/1/18 0:00,Requires Excluded Exception Approval,,Diabetes,291,Invokamet, 04/27/2018 14:23:35
Invokana,canagliflozin,1/1/18 0:00,Requires Excluded Exception Approval,,Diabetes,292,Invokana, 04/27/2018 14:23:35
Iressa,Gefitinib,1/1/17 0:00,Requires Prior Approval,,Oncology,293,Iressa, 04/27/2018 14:23:35
Isentress,raltegravir,1/1/18 0:00,Subject to Quantity Limits,,HIV,294,Isentress, 04/27/2018 14:23:34
Istodax,Romidepsin,1/1/17 0:00,Requires Prior Approval,,Oncology,295,Istodax, 04/27/2018 14:23:34
Ixempra,Ixabepilone,1/1/17 0:00,Requires Prior Approval,,Oncology,296,Ixempra, 04/27/2018 14:23:34
Ixinity,Factor IX Concentrates,1/1/17 0:00,Requires Prior Approval,,Hemophilia,297,Ixinity, 04/27/2018 14:23:34
Jadenu,deferasirox,1/1/17 0:00,Requires Prior Approval,,Iron Overload,298,Jadenu, 04/27/2018 14:23:34
Jakafi,Ruxolitinib,1/1/18 0:00,Requires Prior Approval,,Oncology,299,Jakafi, 04/27/2018 14:23:34
Jevtana,Cabazitaxel,1/1/17 0:00,Requires Prior Approval,,Oncology,300,Jevtana, 04/27/2018 14:23:34
Jublia,efinaconazole topical solution,1/1/17 0:00,Requires Prior Approval,,Topical Antifungals,301,Jublia, 04/27/2018 14:23:34
Juluca,dolutegravir-rilpivirine,1/1/18 0:00,Subject to Quantity Limits,,HIV,302,Juluca, 04/27/2018 14:23:34
Juxtapid,lomitapide capsules,1/1/18 0:00,Requires Prior Approval,,Lipid Disorders,303,Juxtapid, 04/27/2018 14:23:34
Kadcyla,Ado-Trastuzumab emtansine,1/1/17 0:00,Requires Prior Approval,,Oncology,304,Kadcyla, 04/27/2018 14:23:34
Kadian,morphine sulfate ER capsules,3/1/17 0:00,"Requires Prior Approval, Requires Step Therapy, Subject to Quantity Limits",,Opioid Analgesics - Extended-Release,305,Kadian, 04/27/2018 14:23:34
Kalbitor,Ecallantide,1/1/17 0:00,Requires Prior Approval,,Hereditary Angioedema,306,Kalbitor, 04/27/2018 14:23:34
Kaletra,lopinavir/ritonavir,1/1/18 0:00,Subject to Quantity Limits,,HIV,307,Kaletra, 04/27/2018 14:23:34
Kalydeco,ivacaftor tablets,1/1/18 0:00,Requires Prior Approval,,Cystic Fibrosis,308,Kalydeco, 04/27/2018 14:23:34
Kanuma,Sebelipase alfa,1/1/17 0:00,Requires Prior Approval,,Lysosomal Storage Disorders,309,Kanuma, 04/27/2018 14:23:34
Kerydin,tavaborole topical solution,1/1/17 0:00,Requires Prior Approval,,Topical Antifungals,310,Kerydin, 04/27/2018 14:23:34
Kevzara,sarilumab,1/1/18 0:00,Requires Prior Approval,,Rheumatoid Arthritis,311,Kevzara, 04/27/2018 14:23:34
Keytruda,Pembrolizumab,1/1/17 0:00,Requires Prior Approval,,Oncology,312,Keytruda, 04/27/2018 14:23:34
Kineret,anakinra,1/1/18 0:00,Requires Excluded Exception Approval,,Rheumatoid Arthritis,313,Kineret, 04/27/2018 14:23:34
Kisqali,ribociclib,1/1/18 0:00,Requires Prior Approval,,Oncology,314,Kisqali, 04/27/2018 14:23:35
Kisqali-Femara,ribociclib-letrozole,1/1/18 0:00,Requires Prior Approval,,Oncology,315,Kisqali-Femara, 04/27/2018 14:23:35
Kitabis Pak,tobramycin inhalation,1/1/18 0:00,Requires Prior Approval,,Cystic fibrosis,316,Kitabis Pak, 04/27/2018 14:23:35
Klaron,sodium sulfacetamide lotion,9/1/17 0:00,"Requires Prior Approval, Requires Step Therapy",,Topical Acne Products,317,Klaron, 04/27/2018 14:23:35
Koate-DVI,Antihemophilic factor VIII,1/1/17 0:00,Requires Prior Approval,,Hemophilia,318,Koate-DVI, 04/27/2018 14:23:35
Kogenate FS,Antihemophilic factor VIII,10/1/17 0:00,Requires Prior Approval,,Hemophilia,319,Kogenate FS, 04/27/2018 14:23:35
Korlym,mifepristone,1/1/17 0:00,Requires Prior Approval,,Cushing's Syndrome,320,Korlym, 04/27/2018 14:23:35
Kovaltry,Antihemophilic factor VIII,10/1/17 0:00,Requires Prior Approval,,Hemophilia,321,Kovaltry, 04/27/2018 14:23:35
Krystexxa,Pegloticase,1/1/17 0:00,Requires Prior Approval,,Gout,322,Krystexxa, 04/27/2018 14:23:35
Kuvan,sapropterin dihydrochloride,1/1/17 0:00,Requires Prior Approval,,Phenylketonuria (PKU),323,Kuvan, 04/27/2018 14:23:35
Kynamro,mipomersen sodium injection,1/1/18 0:00,Requires Prior Approval,,Lipid Disorders,324,Kynamro, 04/27/2018 14:23:35
Kyprolis,Carfilzomib,1/1/17 0:00,Requires Prior Approval,,Oncology,325,Kyprolis, 04/27/2018 14:23:36
Lartruvo,olaratumab,1/1/18 0:00,Requires Prior Approval,,Oncology,326,Lartruvo, 04/27/2018 14:23:36
Lazanda,fentanyl nasal spray,1/1/17 0:00,"Requires Prior Approval, Subject to Quantity Limits",,Oral/Intranasal Fentanyl Products,327,Lazanda, 04/27/2018 14:23:36
Lemtrada,alemtuzumab,1/1/18 0:00,Requires Prior Approval,,Multiple Sclerosis,328,Lemtrada, 04/27/2018 14:23:36
Lenvima,Lenvatinib,1/1/18 0:00,Requires Prior Approval,,Oncology,329,Lenvima, 04/27/2018 14:23:36
Letairis,ambrisentan tablets,1/1/18 0:00,Requires Prior Approval,,Pulmonary Arterial Hypertension,330,Letairis, 04/27/2018 14:23:36
Leukine,leukine,1/1/17 0:00,Requires Prior Approval,,Neutropenia,331,Leukine, 04/27/2018 14:23:36
Levorphanol,levorphanol tartrate,3/1/18 0:00,"Requires Prior Approval, Requires Step Therapy, Subject to Quantity Limits",,Opioid Analgesics,332,Levorphanol, 04/27/2018 14:23:36
Lexiva,fosamprenavir,1/1/18 0:00,Subject to Quantity Limits,,HIV,333,Lexiva, 04/27/2018 14:23:36
Lidocaine 5% Ointment,Lidocaine,1/1/17 0:00,"Requires Prior Approval, Subject to Quantity Limits",,Topical Anesthetics - Lidocaine Containing,334,Lidocaine 5% Ointment, 04/27/2018 14:23:35
Lidocaine Gel - 2% and 4%,Lidocaine,1/1/17 0:00,"Requires Prior Approval, Subject to Quantity Limits",,Topical Anesthetics - Lidocaine Containing,335,Lidocaine Gel - 2% and 4%, 04/27/2018 14:23:35
Lidocaine HCL 4% Solution,Lidocaine,1/1/17 0:00,"Requires Prior Approval, Subject to Quantity Limits",,Topical Anesthetics - Lidocaine Containing,336,Lidocaine HCL 4% Solution, 04/27/2018 14:23:35
Lidoderm,lidocaine patch 5%,10/1/17 0:00,Requires Prior Approval,,Topical Anesthetics - Lidocaine Containing,337,Lidoderm, 04/27/2018 14:23:35
Livalo,pitavastatin,1/1/17 0:00,Requires Excluded Exception Approval,,Lipid Disorders,338,Livalo, 04/27/2018 14:23:35
Lonsurf,Trifluridine; Tipiracil,1/1/17 0:00,Requires Prior Approval,,Oncology,339,Lonsurf, 04/27/2018 14:23:35
Lovaza,omega-3-acid ethyl esters capsules,1/1/17 0:00,Requires Prior Approval,,Omega-3 Fatty Acids,340,Lovaza, 04/27/2018 14:23:35
Lucentis,Ranibizumab,1/1/17 0:00,Requires Prior Approval,,Retinal Disorders,341,Lucentis, 04/27/2018 14:23:35
Lumizyme,Alglucosidase alfa,1/1/17 0:00,Requires Prior Approval,,Lysosomal Storage Disorders,342,Lumizyme, 04/27/2018 14:23:35
Lunesta,eszopiclone,1/1/17 0:00,"Requires Prior Approval, Subject to Quantity Limits",,Sedative-Hypnotics,343,Lunesta, 04/27/2018 14:23:35
Lupaneta,Leuprolide; Norethindrone,1/1/17 0:00,Requires Prior Approval,,Hormonal Therapies,344,Lupaneta, 04/27/2018 14:23:35
Lupron Depot PED ,leuprolide acetate for depot suspension,1/1/18 0:00,Requires Prior Approval,,Central Precocious Puberty (CPP),345,Lupron Depot PED , 04/27/2018 14:23:35
Lupron,leuprolide,1/1/17 0:00,Requires Prior Approval,,Fertility Products - Specialty,346,Lupron, 04/27/2018 14:23:35
Lynparza,Olaparib,1/1/18 0:00,Requires Prior Approval,,Oncology,347,Lynparza, 04/27/2018 14:23:35
Makena,hydroxyprogesterone caproate injection,1/1/18 0:00,Requires Prior Approval,,Progestin,348,Makena, 04/27/2018 14:23:35
Marinol,Dronabinol,1/1/17 0:00,"Requires Prior Approval, Subject to Quantity Limits",,Antiemetics,349,Marinol, 04/27/2018 14:23:35
Mavyret,glecaprevir and pibrentasvir,1/1/18 0:00,Requires Excluded Exception Approval,,Hepatitis,350,Mavyret, 04/27/2018 14:23:35
Maxalt,rizatriptan,1/1/17 0:00,"Requires Prior Approval, Subject to Quantity Limits",,Antimigraine,351,Maxalt, 04/27/2018 14:23:35
Mekinist,trametinib tablets,1/1/18 0:00,Requires Prior Approval,,Oncology,352,Mekinist, 04/27/2018 14:23:35
Menopur,Menotropins,1/1/17 0:00,Requires Prior Approval,,Fertility Products - Specialty,353,Menopur, 04/27/2018 14:23:35
Mepsevii,vestronidase alfa-vjbk,1/1/18 0:00,Requires Excluded Exception Approval,,Lysosomal Storage Disorders,354,Mepsevii, 04/27/2018 14:23:36
Metadate CD,methylphenidate extended-release capsules,1/1/17 0:00,"Requires Prior Approval, Subject to Quantity Limits",,ADHD-Narcolepsy Agents,355,Metadate CD, 04/27/2018 14:23:36
Methadose,methadone hydrochloride tablets,3/1/18 0:00,"Requires Prior Approval, Requires Step Therapy, Subject to Quantity Limits",,Opioid Analgesics,356,Methadose, 04/27/2018 14:23:36
Methitest,methyltestosterone tablets,1/1/18 0:00,Requires Prior Approval,,Testosterone Products,357,Methitest, 04/27/2018 14:23:36
Methylin,"methylphenidate tablets, chewables, oral solution",1/1/17 0:00,"Requires Prior Approval, Subject to Quantity Limits",,ADHD-Narcolepsy Agents,358,Methylin, 04/27/2018 14:23:36
Migranal,dihydroergotamine nasal spray,1/1/17 0:00,"Requires Prior Approval, Subject to Quantity Limits",,Antimigraine,359,Migranal, 04/27/2018 14:23:36
Minolira,minocycline extended-release ,1/1/18 0:00,"Requires Prior Approval, Requires Step Therapy",,Oral Tetracyclines,360,Minolira, 04/27/2018 14:23:36
Mircera,methoxy polyethylene glycol-epoetin beta,1/1/18 0:00,Requires Excluded Exception Approval,,Anemia,361,Mircera, 04/27/2018 14:23:36
Mirvaso,brimonidine,10/1/17 0:00,Requires Prior Approval,,Rosacea,362,Mirvaso, 04/27/2018 14:23:36
Mitoxantrone,mitoxantrone,1/1/17 0:00,Requires Prior Approval,,Oncology,363,Mitoxantrone, 04/27/2018 14:23:36
Moderiba,ribavirin,1/1/17 0:00,Requires Prior Approval,,Hepatitis,364,Moderiba, 04/27/2018 14:23:36
Monoclate-P,Antihemophilic factor VIII,10/1/17 0:00,Requires Prior Approval,,Hemophilia,365,Monoclate-P, 04/27/2018 14:23:36
Mononine,Factor IX Concentrates,1/1/17 0:00,Requires Prior Approval,,Hemophilia,366,Mononine, 04/27/2018 14:23:36
Monovisc,Sodium Hyaluronate,1/1/17 0:00,Requires Excluded Exception Approval,,Osteoarthritis,367,Monovisc, 04/27/2018 14:23:36
Morphabond,morphine extended-release tablets,3/1/18 0:00,Requires Excluded Exception Approval,,Opioid Analgesics - Extended-Release,368,Morphabond, 04/27/2018 14:23:36
Morphine,morphine sulfate immediate-release tablets,3/1/18 0:00,"Requires Prior Approval, Requires Step Therapy, Subject to Quantity Limits",,Opioid Analgesics,369,Morphine, 04/27/2018 14:23:36
Mozobil,Plerixafor,1/1/17 0:00,Requires Prior Approval,,Hematopoietics,370,Mozobil, 04/27/2018 14:23:36
MS Contin,morphine sulfate controlled-release tablets,3/1/18 0:00,"Requires Prior Approval, Requires Step Therapy, Subject to Quantity Limits",,Opioid Analgesics - Extended-Release,371,MS Contin, 04/27/2018 14:23:36
Myalept,Metreleptin,1/1/17 0:00,Requires Prior Approval,,Lipodystrophy,372,Myalept, 04/27/2018 14:23:36
Mydayis,amphetamine mixture extended-release,1/1/18 0:00,Requires Excluded Exception Approval,,ADHD-Narcolepsy Agents,373,Mydayis, 04/27/2018 14:23:36
Mylotarg,gemtuzumab ozogamicin,1/1/18 0:00,Requires Excluded Exception Approval,,Oncology,374,Mylotarg, 04/27/2018 14:23:36
Myobloc,RimabotulinumtoxinB,1/1/17 0:00,Requires Prior Approval,,Botulinum Toxins,375,Myobloc, 04/27/2018 14:23:36
Myorisan,Isotretinoin,1/1/17 0:00,Requires Prior Approval,,Isotretinoins,376,Myorisan, 04/27/2018 14:23:36
Naglazyme,Galsulfase,1/1/17 0:00,Requires Prior Approval,,Lysosomal Storage Disorders,377,Naglazyme, 04/27/2018 14:23:36
Nalfon,Fenoprofen,1/1/17 0:00,Requires Step Therapy,,COX-2/NSAIDs,378,Nalfon, 04/27/2018 14:23:36
Natesto,testosterone nasal gel,1/1/18 0:00,Requires Excluded Exception Approval,,Testosterone Products,379,Natesto, 04/27/2018 14:23:36
Natpara,Parathyroid Hormone Lyophilisate,1/1/17 0:00,Requires Prior Approval,,Hormonal Therapies,380,Natpara, 04/27/2018 14:23:36
Nerlynx,neratinib,1/1/18 0:00,Requires Excluded Exception Approval,,Oncology,381,Nerlynx, 04/27/2018 14:23:36
Neupogen,filgrastim,12/31/16 0:00,Requires Excluded Exception Approval,,Neutropenia,382,Neupogen, 04/27/2018 14:23:36
Neulasta,pegfilgrastim,1/1/18 0:00,Requires Prior Approval,,Neutropenia,383,Neulasta, 04/27/2018 14:23:36
Nexavar,sorafenib,1/1/18 0:00,Requires Prior Approval,,Oncology,384,Nexavar, 04/27/2018 14:23:37
Ninlaro,ixazomib,1/1/17 0:00,Requires Prior Approval,,Oncology,385,Ninlaro, 04/27/2018 14:23:37
Nityr,Nitisinone,1/1/17 0:00,Requires Prior Approval,,Lysosomal Storage Disorders,386,Nityr, 04/27/2018 14:23:37
Norditropin,somatropin,1/1/17 0:00,Requires Excluded Exception Approval,,Growth Hormone and Related Disorders,387,Norditropin, 04/27/2018 14:23:37
Noritate,metronidazole,10/1/17 0:00,Requires Excluded Exception Approval,,Rosacea,388,Noritate, 04/27/2018 14:23:37
Northera,droxidopa,1/1/18 0:00,Requires Excluded Exception Approval,,Neurogenic orthostatic hypotension,389,Northera, 04/27/2018 14:23:37
Norvir,ritonavir,1/1/18 0:00,Subject to Quantity Limits,,HIV,390,Norvir, 04/27/2018 14:23:37
Novarel,human chorionic gonadotropin,1/1/17 0:00,Requires Prior Approval,,Fertility Products - Specialty,391,Novarel, 04/27/2018 14:23:37
Novoeight,Antihemophilic factor VIII,10/1/17 0:00,Requires Prior Approval,,Hemophilia,392,Novoeight, 04/27/2018 14:23:37
NovoSeven,Antihemophilic factor VII,1/1/17 0:00,Requires Prior Approval,,Hemophilia,393,NovoSeven, 04/27/2018 14:23:37
Nplate,Romiplostim,1/1/17 0:00,Requires Prior Approval,,Idiopathic Thrombocytopenic Purpura (ITP),394,Nplate, 04/27/2018 14:23:37
Nucala,mepolizumab,1/1/18 0:00,Requires Excluded Exception Approval,,Allergic Asthma,395,Nucala, 04/27/2018 14:23:37
Nucynta,tapentadol,3/1/18 0:00,"Requires Prior Approval, Requires Step Therapy, Subject to Quantity Limits",,Opioid Analgesics,396,Nucynta, 04/27/2018 14:23:37
Nucynta ER,tapentadol ER,3/1/18 0:00,"Requires Prior Approval, Requires Step Therapy, Subject to Quantity Limits",,Opioid Analgesics - Extended-Release,397,Nucynta ER, 04/27/2018 14:23:37
Nuplazid,pimavanserin,1/1/18 0:00,Requires Prior Approval,,Parkinsonï¿½s Disease,398,Nuplazid, 04/27/2018 14:23:37
Nutropin AQ,somatropin,1/1/17 0:00,Requires Excluded Exception Approval,,Growth Hormone and Related Disorders,399,Nutropin AQ, 04/27/2018 14:23:38
Nuvigil,armodafinil tablets,1/1/17 0:00,Requires Prior Approval,,Narcolepsy (Other),400,Nuvigil, 04/27/2018 14:23:38
Nuwiq,Antihemophilic factor VIII,10/1/17 0:00,Requires Prior Approval,,Hemophilia,401,Nuwiq, 04/27/2018 14:23:38
Obizur,antihemophilic factor [recombinant],1/1/18 0:00,Requires Excluded Exception Approval,,Hemophilia,402,Obizur, 04/27/2018 14:23:38
Ocaliva,obeticholic acid,1/1/18 0:00,Requires Prior Approval,,GI Disorders,403,Ocaliva, 04/27/2018 14:23:38
Ocrevus,ocrelizumab,1/1/18 0:00,Requires Prior Approval,,Multiple Sclerosis,404,Ocrevus, 04/27/2018 14:23:37
Odefsey,emtricitabine/rilpivirine/tenofovir,1/1/18 0:00,Subject to Quantity Limits,,HIV,405,Odefsey, 04/27/2018 14:23:37
Odomzo,sonidegib,5/1/18 0:00,Requires Prior Approval,,Oncology,406,Odomzo, 04/27/2018 14:23:37
Ofev,nintedanib capsules,1/1/18 0:00,Requires Prior Approval,,Idiopathic Pulmonary Fibrosis,407,Ofev, 04/27/2018 14:23:37
Olysio,simeprevir,1/1/18 0:00,Requires Excluded Exception Approval,,Hepatitis,408,Olysio, 04/27/2018 14:23:37
Omnaris,ciclesonide,1/1/17 0:00,Requires Excluded Exception Approval,,Nasal Steriods,409,Omnaris, 04/27/2018 14:23:37
Omnitrope,somatropin,1/1/17 0:00,Requires Excluded Exception Approval,,Growth Hormone and Related Disorders,410,Omnitrope, 04/27/2018 14:23:37
Oncaspar,Pegaspargase,1/1/17 0:00,Requires Prior Approval,,Oncology,411,Oncaspar, 04/27/2018 14:23:37
Onexton,Benzoyl Peroxide; Clindamycin,9/1/17 0:00,"Requires Prior Approval, Requires Step Therapy",,Topical Acne Products,412,Onexton, 04/27/2018 14:23:37
Onzetra Xsail,sumatriptan,1/1/17 0:00,"Requires Prior Approval, Subject to Quantity Limits",,Antimigraine,413,Onzetra Xsail, 04/27/2018 14:23:37
Opana,oxymorphone hydrochloride immediate-release tablets,3/1/18 0:00,"Requires Prior Approval, Requires Step Therapy, Subject to Quantity Limits",,Opioid Analgesics,414,Opana, 04/27/2018 14:23:37
Opana ER,oxymorphone hcl ER tablets,3/1/18 0:00,"Requires Prior Approval, Requires Step Therapy, Subject to Quantity Limits",,Opioid Analgesics - Extended-Release,415,Opana ER, 04/27/2018 14:23:37
Opdivo,Nivolumab,1/1/17 0:00,Requires Prior Approval,,Oncology,416,Opdivo, 04/27/2018 14:23:37
Opsumit,macitentan,1/1/18 0:00,Requires Prior Approval,,Pulmonary Arterial Hypertension,417,Opsumit, 04/27/2018 14:23:37
Oralair,"sweet vernal, orchard, perennial rye, timothy, and kentucky blue grass mixed pollens allergen extract SL tablets",1/1/17 0:00,Requires Prior Approval,,Sublingual Immunotherapy Products,418,Oralair, 04/27/2018 14:23:37
Orencia,abatacept,1/1/18 0:00,Requires Prior Approval,,Autoimmune,419,Orencia, 04/27/2018 14:23:37
Orenitram,treprostinil ER tablets,1/1/17 0:00,Requires Prior Approval,,Pulmonary Arterial Hypertension,420,Orenitram, 04/27/2018 14:23:37
Orfadin,Nitisinone,1/1/17 0:00,Requires Prior Approval,,Lysosomal Storage Disorders,421,Orfadin, 04/27/2018 14:23:37
Orkambi,lumacaftor/ivacaftor,1/1/18 0:00,Requires Prior Approval,,Cystic Fibrosis,422,Orkambi, 04/27/2018 14:23:37
Orthovisc,Sodium Hyaluronate,1/1/17 0:00,Requires Excluded Exception Approval,,Osteoarthritis,423,Orthovisc, 04/27/2018 14:23:37
Otezla,apremilast,1/1/18 0:00,Requires Prior Approval,,Autoimmune,424,Otezla, 04/27/2018 14:23:38
Otrexup,methotrexate,1/1/18 0:00,Requires Prior Approval,,Psoriasis/RA,425,Otrexup, 04/27/2018 14:23:38
Ovidrel,human chorionic gonadotropin,1/1/17 0:00,Requires Prior Approval,,Fertility Products - Specialty,426,Ovidrel, 04/27/2018 14:23:38
Oxandrin,Oxandrolone,1/1/17 0:00,Requires Prior Approval,,Anabolic Steroids,427,Oxandrin, 04/27/2018 14:23:38
Oxycontin,oxycodone controlled release tablets,3/1/18 0:00,"Requires Prior Approval, Requires Step Therapy, Subject to Quantity Limits",,Opioid Analgesics - Extended-Release,428,Oxycontin, 04/27/2018 14:23:38
Oxytrol,oxybutynin transdermal system,1/1/17 0:00,Requires Excluded Exception Approval,,Urinary Antispasmodics,429,Oxytrol, 04/27/2018 14:23:38
Parsabiv,etelcalcetide,1/1/18 0:00,Requires Excluded Exception Approval,,Renal Disorder,430,Parsabiv, 04/27/2018 14:23:38
Pegasys,peginterferon alfa-2a,1/1/18 0:00,Requires Excluded Exception Approval,,Hepatitis,431,Pegasys, 04/27/2018 14:23:38
Penlac Nail Lacquer,ciclopirox topical solution 8%,10/1/17 0:00,Requires Prior Approval,,Topical Antifungals,432,Penlac Nail Lacquer, 04/27/2018 14:23:38
Pentazocine/Naloxone ,pentazocine/naloxone ,3/1/18 0:00,"Requires Prior Approval, Requires Step Therapy, Subject to Quantity Limits",,Opioid Analgesics,433,Pentazocine/Naloxone , 04/27/2018 14:23:38
Percocet,acetaminophen/oxycodone,3/1/18 0:00,"Requires Prior Approval, Requires Step Therapy, Subject to Quantity Limits",,Opioid Analgesics,434,Percocet, 04/27/2018 14:23:38
Percodan,aspirin/oxycodone,3/1/18 0:00,"Requires Prior Approval, Requires Step Therapy, Subject to Quantity Limits",,Opioid Analgesics,435,Percodan, 04/27/2018 14:23:38
Performist,Formoterol,1/1/17 0:00,Subject to Quantity Limits,,Long-Acting Beta Agonists (LABA),436,Performist, 04/27/2018 14:23:38
Perjeta,Pertuzumab,1/1/17 0:00,Requires Prior Approval,,Oncology,437,Perjeta, 04/27/2018 14:23:38
Pexeva,Paroxetine,1/1/17 0:00,Requires Step Therapy,,SSRIs,438,Pexeva, 04/27/2018 14:23:38
Plegridy,peginterferon beta-1a,1/1/18 0:00,Requires Excluded Exception Approval,,Multiple Sclerosis,439,Plegridy, 04/27/2018 14:23:38
Plexion,sulfacetamide sodium-sulfur,9/1/17 0:00,"Requires Prior Approval, Requires Step Therapy",,Topical Acne Products,440,Plexion, 04/27/2018 14:23:38
Pliaglis,Lidocaine; Tetracaine,1/1/17 0:00,"Requires Prior Approval, Subject to Quantity Limits",,Topical Anesthetics - Lidocaine Containing,441,Pliaglis, 04/27/2018 14:23:38
Pomalyst,Pomalidomide,1/1/17 0:00,Requires Prior Approval,,Oncology,442,Pomalyst, 04/27/2018 14:23:38
Portrazza,necitumumab,1/1/18 0:00,Requires Prior Approval,,Oncology,443,Portrazza, 04/27/2018 14:23:38
Praluent,alirocumab,1/1/18 0:00,Requires Prior Approval,,Lipid Disorders,444,Praluent, 04/27/2018 14:23:38
Pregnyl,human chorionic gonadotropin,1/1/17 0:00,Requires Prior Approval,,Fertility Products - Specialty,445,Pregnyl, 04/27/2018 14:23:38
Prezcobix,darunavir/cobicistat,1/1/18 0:00,Subject to Quantity Limits,,HIV,446,Prezcobix, 04/27/2018 14:23:38
Prezista,darunavir,1/1/18 0:00,Subject to Quantity Limits,,HIV,447,Prezista, 04/27/2018 14:23:38
Prilosec Packets,omeprazole powder,1/1/17 0:00,Requires Step Therapy,,Proton Pump Inhibitors,448,Prilosec Packets, 04/27/2018 14:23:38
Proair HFA and Respiclick,albuterol sulfate,1/1/17 0:00,Subject to Quantity Limits,,Short-Acting Beta Agonists - Oral Inh,449,Proair HFA and Respiclick, 04/27/2018 14:23:38
Procentra,dextroamphetamine sulfate liquid,1/1/17 0:00,"Requires Prior Approval, Subject to Quantity Limits",,ADHD-Narcolepsy Agents,450,Procentra, 04/27/2018 14:23:38
Procysbi,Cysteamine,1/1/17 0:00,Requires Prior Approval,,Lysosomal Storage Disorders,451,Procysbi, 04/27/2018 14:23:38
Profilnine SD,Factor IX Complex,1/1/17 0:00,Requires Prior Approval,,Hemophilia,452,Profilnine SD, 04/27/2018 14:23:38
Prolastin-C,Alpha-1-proteinase Inhibitor,1/1/17 0:00,Requires Prior Approval,,Alpha-1 Antitrypsin Deficiency,453,Prolastin-C, 04/27/2018 14:23:38
Proleukin,Aldesleukin,1/1/17 0:00,Requires Prior Approval,,Oncology,454,Proleukin, 04/27/2018 14:23:39
Prolia,denosumab,1/1/18 0:00,Requires Prior Approval,,Osteoporosis,455,Prolia, 04/27/2018 14:23:39
Promacta,eltrombopag tablets and oral suspension,1/1/18 0:00,Requires Prior Approval,,Idiopathic Thrombocytopenic Purpura (ITP),456,Promacta, 04/27/2018 14:23:39
Protonix Packets,pantoprazole powder,1/1/18 0:00,Requires Excluded Exception Approval,,Proton Pump Inhibitors,457,Protonix Packets, 04/27/2018 14:23:39
Protopic,tacrolimus,10/1/17 0:00,Requires Prior Approval,,Calcineurin Inhibitor,458,Protopic, 04/27/2018 14:23:39
Proventil HFA,albuterol,1/1/17 0:00,Requires Excluded Exception Approval,,Short-Acting Beta Agonists - Oral Inh,459,Proventil HFA, 04/27/2018 14:23:39
Provigil,modafinil tablets,1/1/17 0:00,Requires Prior Approval,,Narcolepsy (Other),460,Provigil, 04/27/2018 14:23:39
Prudoxin,doxepin,10/1/17 0:00,"Requires Prior Approval, Requires Step Therapy",,Topical Skin Product,461,Prudoxin, 04/27/2018 14:23:39
Pulmozyme,Dornase Alfa,1/1/18 0:00,Requires Prior Approval,,Cystic Fibrosis,462,Pulmozyme, 04/27/2018 14:23:39
Qnasl,beclomethasone dipropionate,1/1/17 0:00,Requires Excluded Exception Approval,,Nasal Steriods,463,Qnasl, 04/27/2018 14:23:39
Qsymia,phentermine and topiramate extended-release,1/1/17 0:00,Requires Excluded Exception Approval,,Antiobesity,464,Qsymia, 04/27/2018 14:23:39
Quillichew ER,methylphenidate extended-release,1/1/18 0:00,"Requires Prior Approval, Subject to Quantity Limits",,ADHD-Narcolepsy Agents,465,Quillichew ER, 04/27/2018 14:23:39
Quillivant XR,methylphenidate extended-release,1/1/18 0:00,"Requires Prior Approval, Subject to Quantity Limits",,ADHD-Narcolepsy Agents,466,Quillivant XR, 04/27/2018 14:23:39
Radicava,edaravone,1/1/18 0:00,Requires Excluded Exception Approval,,Amyotrophic Lateral Sclerosis (ALS),467,Radicava, 04/27/2018 14:23:39
Ragwitek,short ragweed pollen allergen extract sublingual [SL] tablets,1/1/17 0:00,Requires Prior Approval,,Sublingual Immunotherapy Products,468,Ragwitek, 04/27/2018 14:23:39
Rasuvo,Methotrexate,1/1/18 0:00,Requires Prior Approval,,Psoriasis/RA,469,Rasuvo, 04/27/2018 14:23:40
Ravicti,Glycerol Phenylbutyrate,1/1/17 0:00,Requires Prior Approval,,Urea Cycle Disorders,470,Ravicti, 04/27/2018 14:23:40
Rebetol,ribavirin,1/1/17 0:00,Requires Prior Approval,,Hepatitis,471,Rebetol, 04/27/2018 14:23:40
Rebif,interferon beta-1a subcutaneous,1/1/18 0:00,Requires Prior Approval,,Multiple Sclerosis,472,Rebif, 04/27/2018 14:23:40
Reclast,zoledronic acid,1/1/17 0:00,Requires Prior Approval,,Osteoporosis,473,Reclast, 04/27/2018 14:23:40
Recombinate,Antihemophilic factor VIII,10/1/17 0:00,Requires Prior Approval,,Hemophilia,474,Recombinate, 04/27/2018 14:23:39
Regimex,benzphetamine 25 mg tablets,1/1/17 0:00,Requires Prior Approval,,Antiobesity,475,Regimex, 04/27/2018 14:23:39
Relenza,Zanamivir,1/1/17 0:00,"Requires Prior Approval, Subject to Quantity Limits",,Influenza,476,Relenza, 04/27/2018 14:23:39
Relpax,eletriptan,1/1/17 0:00,"Requires Prior Approval, Subject to Quantity Limits",,Antimigraine,477,Relpax, 04/27/2018 14:23:39
Remodulin,treprostinil injection,1/1/17 0:00,Requires Prior Approval,,Pulmonary Arterial Hypertension,478,Remodulin, 04/27/2018 14:23:39
Repatha,evolocumab,1/1/18 0:00,Requires Prior Approval,,Lipid Disorders,479,Repatha, 04/27/2018 14:23:39
Rescriptor,delavirdine,1/1/18 0:00,Subject to Quantity Limits,,HIV,480,Rescriptor, 04/27/2018 14:23:39
Restasis,Cyclosporine,1/1/17 0:00,Requires Prior Approval,,Ophthalmic Immunomodulators,481,Restasis, 04/27/2018 14:23:39
Restoril,Temazepam,1/1/17 0:00,Subject to Quantity Limits,,Sedative-Hypnotics,482,Restoril, 04/27/2018 14:23:39
Retin-A,"tretinoin cream, gel, liquid",10/1/17 0:00,Requires Prior Approval,,Retinoids,483,Retin-A, 04/27/2018 14:23:39
Retrovir,zidovudine,1/1/18 0:00,Subject to Quantity Limits,,HIV,484,Retrovir, 04/27/2018 14:23:39
Revatio,sildenafil,1/1/18 0:00,"Requires Prior Approval, Subject to Quantity Limits",,Pulmonary arterial hypertension,485,Revatio, 04/27/2018 14:23:39
Revlimid,lenalidomide,1/1/17 0:00,Requires Prior Approval,,Oncology,486,Revlimid, 04/27/2018 14:23:39
Rexulti,brexpipraziole,10/1/17 0:00,Requires Prior Approval,,Atypical Antipsychotics,487,Rexulti, 04/27/2018 14:23:39
Reyataz,atazanavir,1/1/18 0:00,Subject to Quantity Limits,,HIV,488,Reyataz, 04/27/2018 14:23:39
ribavirin,ribavirin,1/1/17 0:00,Requires Prior Approval,,Hepatitis,489,ribavirin, 04/27/2018 14:23:39
Rhofade,oxymetazoline hydrochloride,10/1/17 0:00,Requires Prior Approval,,Rosacea,490,Rhofade, 04/27/2018 14:23:39
Riax,Benzoyl Peroxide,9/1/17 0:00,"Requires Prior Approval, Requires Step Therapy",,Topical Acne Products,491,Riax, 04/27/2018 14:23:39
Ribapak,ribavirin,1/1/17 0:00,Requires Prior Approval,,Hepatitis,492,Ribapak, 04/27/2018 14:23:39
Ribasphere,ribavirin,1/1/17 0:00,Requires Prior Approval,,Hepatitis,493,Ribasphere, 04/27/2018 14:23:39
Ritalin/Ritalin LA,methylphenidate ER tablets,1/1/17 0:00,"Requires Prior Approval, Subject to Quantity Limits",,ADHD-Narcolepsy Agents,494,Ritalin/Ritalin LA, 04/27/2018 14:23:40
Rituxan Hycela,rituximab and hyaluronidase,1/1/18 0:00,Requires Prior Approval,,Oncology,495,Rituxan Hycela, 04/27/2018 14:23:40
Rituxan,Rituximab,1/1/17 0:00,Requires Prior Approval,,RA/Oncology,496,Rituxan, 04/27/2018 14:23:40
Rixubis,Factor IX Concentrates,1/1/17 0:00,Requires Prior Approval,,Hemophilia,497,Rixubis, 04/27/2018 14:23:40
Rosac,Sulfacetamide; Sulfur,9/1/17 0:00,"Requires Prior Approval, Requires Step Therapy",,Topical Acne Products,498,Rosac, 04/27/2018 14:23:40
Rosanil,sodium sulfacetamide/sulfur cleanser,9/1/17 0:00,"Requires Prior Approval, Requires Step Therapy",,Topical Acne Products,499,Rosanil, 04/27/2018 14:23:40
Rosula,sodium sulfacetamide/sulfur cleanser,9/1/17 0:00,"Requires Prior Approval, Requires Step Therapy",,Topical Acne Products,500,Rosula, 04/27/2018 14:23:40
Roxicodone,oxycodone hydrochloride immediate-release tablets,3/1/18 0:00,"Requires Prior Approval, Requires Step Therapy, Subject to Quantity Limits",,Opioid Analgesics,501,Roxicodone, 04/27/2018 14:23:40
Rozerem,ramelteon,1/1/17 0:00,Requires Excluded Exception Approval,,Sedative-Hypnotics,502,Rozerem, 04/27/2018 14:23:40
Rubraca,rucaparib,1/1/18 0:00,Requires Prior Approval,,Oncology,503,Rubraca, 04/27/2018 14:23:40
Ruconest,recombinant C1 esterase inhibitor for IV use,8/1/17 0:00,Requires Prior Approval,,Hereditary Angioedema,504,Ruconest, 04/27/2018 14:23:40
Rydapt,midostaurin,1/1/18 0:00,Requires Prior Approval,,Oncology,505,Rydapt, 04/27/2018 14:23:40
Sabril,Vigabatrin,1/1/18 0:00,Requires Prior Approval,,Seizure Disorders,506,Sabril, 04/27/2018 14:23:40
Saizen,somatropin,1/1/17 0:00,Requires Excluded Exception Approval,,Growth Hormone and Related Disorders,507,Saizen, 04/27/2018 14:23:40
Samsca,Tolvaptan,1/1/17 0:00,Requires Prior Approval,,Electrolyte disorders,508,Samsca, 04/27/2018 14:23:40
Sancuso,granisetron,1/1/17 0:00,"Requires Prior Approval, Subject to Quantity Limits",,Antiemetics,509,Sancuso, 04/27/2018 14:23:40
Sandostatin,octreotide acetate,1/1/18 0:00,Requires Prior Approval,,Acromegaly,510,Sandostatin, 04/27/2018 14:23:40
Saphris,vraylar,10/1/17 0:00,Requires Prior Approval,,Atypical Antipsychotics,511,Saphris, 04/27/2018 14:23:40
Saxenda,liraglutide,1/1/17 0:00,Requires Prior Approval,,Antiobesity,512,Saxenda, 04/27/2018 14:23:40
Selzentry,maraviroc,1/1/18 0:00,Subject to Quantity Limits,,HIV,513,Selzentry, 04/27/2018 14:23:40
Sensipar,Cinacalcet,1/1/18 0:00,Requires Prior Approval,,Renal Disorder,514,Sensipar, 04/27/2018 14:23:40
Serevent Diskus,Salmeterol,1/1/17 0:00,Subject to Quantity Limits,,Long-Acting Beta Agonists (LABA),515,Serevent Diskus, 04/27/2018 14:23:40
Serostim,somatropin injection,1/1/17 0:00,Requires Prior Approval,,HIV,516,Serostim, 04/27/2018 14:23:40
Signifor LAR,Pasireotide,1/1/18 0:00,Requires Prior Approval,,Acromegaly,517,Signifor LAR, 04/27/2018 14:23:40
Signifor,Pasireotide,1/1/17 0:00,Requires Prior Approval,,Cushing's Syndrome,518,Signifor, 04/27/2018 14:23:40
Siliq,brodalumab,1/1/18 0:00,Requires Excluded Exception Approval,,Autoimmune,519,Siliq, 04/27/2018 14:23:40
Simponi Aria,golimumab,1/1/18 0:00,Requires Prior Approval,,Autoimmune,520,Simponi Aria, 04/27/2018 14:23:40
Simponi,golimumab,1/1/18 0:00,"Requires Prior Approval, Requires Step Therapy",,Autoimmune,521,Simponi, 04/27/2018 14:23:40
Sitavig,acyclovir buccal tablet,10/1/17 0:00,"Requires Prior Approval, Requires Step Therapy",,Herpes Labialis,522,Sitavig, 04/27/2018 14:23:40
Solaraze,Diclofenac,1/1/17 0:00,Requires Prior Approval,,Actinic Keratosis,523,Solaraze, 04/27/2018 14:23:40
Soliris,Eculizumab,1/1/17 0:00,Requires Prior Approval,,Paroxysmal Nocturnal Hemoglobinuria (PNH),524,Soliris, 04/27/2018 14:23:41
Solodyn,minocycline ER tablets,1/1/17 0:00,"Requires Prior Approval, Requires Step Therapy",,Oral Tetracyclines,525,Solodyn, 04/27/2018 14:23:41
Somatuline Depot,Lanreotide,1/1/18 0:00,Requires Prior Approval,,Acromegaly,526,Somatuline Depot, 04/27/2018 14:23:41
Somavert,Pegvisomant,1/1/18 0:00,Requires Prior Approval,,Acromegaly,527,Somavert, 04/27/2018 14:23:41
Sonata,zaleplon capsules,1/1/17 0:00,"Requires Prior Approval, Subject to Quantity Limits",,Sedative-Hypnotics,528,Sonata, 04/27/2018 14:23:41
Soolantra,ivermectin,10/1/17 0:00,Requires Prior Approval,,Rosacea,529,Soolantra, 04/27/2018 14:23:41
Soriatane,acitretin,10/1/17 0:00,Requires Prior Approval,,Psoriasis/RA,530,Soriatane, 04/27/2018 14:23:41
Sotret,Isotretinoin,1/1/17 0:00,Requires Prior Approval,,Isotretinoins,531,Sotret, 04/27/2018 14:23:41
Sovaldi,sofosbuvir tablets,1/1/18 0:00,Requires Prior Approval,,Hepatitis C,532,Sovaldi, 04/27/2018 14:23:41
Sprycel,dasatinib tablets,1/1/18 0:00,Requires Prior Approval,,Oncology,533,Sprycel, 04/27/2018 14:23:41
Stelera,ustekinumab,1/1/18 0:00,"Requires Prior Approval, Requires Step Therapy",,Autoimmune,534,Stelera, 04/27/2018 14:23:41
Stiolto Respimat,tiotropium bromide/olodaterol,1/1/18 0:00,Subject to Quantity Limits,,Long-Acting Beta Agonists (LABA),535,Stiolto Respimat, 04/27/2018 14:23:41
Stimate,Desmopressin,1/1/17 0:00,Requires Prior Approval,,Hemophilia,536,Stimate, 04/27/2018 14:23:41
Stivarga,regorafenib tablets,1/1/18 0:00,Requires Prior Approval,,Oncology,537,Stivarga, 04/27/2018 14:23:41
Strattera,atomoxetine capsules,1/1/17 0:00,"Requires Prior Approval, Subject to Quantity Limits",,ADHD-Narcolepsy Agents,538,Strattera, 04/27/2018 14:23:41
Strensiq,Asfotase alfa,1/1/17 0:00,Requires Prior Approval,,Bone Disorders - Other,539,Strensiq, 04/27/2018 14:23:41
Striant,testosterone buccal system,1/1/18 0:00,Requires Prior Approval,,Testosterone Products,540,Striant, 04/27/2018 14:23:41
Stribild,elvitegravir/cobicistat/emtricitabine/tenofovir,1/1/18 0:00,Subject to Quantity Limits,,HIV,541,Stribild, 04/27/2018 14:23:42
Striverdi,Olodaterol,1/1/17 0:00,Subject to Quantity Limits,,Long-Acting Beta Agonists (LABA),542,Striverdi, 04/27/2018 14:23:42
Subsys,fentanyl sublingual spray,1/1/17 0:00,"Requires Prior Approval, Subject to Quantity Limits",,Oral/Intranasal Fentanyl Products,543,Subsys, 04/27/2018 14:23:42
Sumadan,sulfacetamide/sulfur wash,9/1/17 0:00,"Requires Prior Approval, Requires Step Therapy",,Topical Acne Products,544,Sumadan, 04/27/2018 14:23:41
Sumavel,sumatriptan needle-free injection,1/1/17 0:00,Requires Excluded Exception Approval,,Antimigraine,545,Sumavel, 04/27/2018 14:23:41
Sumaxin,sulfacetamide/sulfur wash,9/1/17 0:00,"Requires Prior Approval, Requires Step Therapy",,Topical Acne Products,546,Sumaxin, 04/27/2018 14:23:41
Supartz,Sodium Hyaluronate,1/1/17 0:00,Requires Prior Approval,,Osteoarthritis,547,Supartz, 04/27/2018 14:23:41
Supprelin LA,Histrelin,1/1/18 0:00,Requires Prior Approval,,Central Precocious Puberty (CPP),548,Supprelin LA, 04/27/2018 14:23:41
Suprenza,phentermine hydrochloride orally disintegrating tablets,1/1/17 0:00,Requires Prior Approval,,Antiobesity,549,Suprenza, 04/27/2018 14:23:41
Sustiva,efavirenz,1/1/18 0:00,Subject to Quantity Limits,,HIV,550,Sustiva, 04/27/2018 14:23:41
Sustol,granisetron extended-release injection,1/1/17 0:00,Requires Excluded Exception Approval,,Antiemetics,551,Sustol, 04/27/2018 14:23:41
Sutent,Sunitinib,1/1/18 0:00,Requires Prior Approval,,Oncology,552,Sutent, 04/27/2018 14:23:41
Sylatron,peginterferon alfa-2b,1/1/18 0:00,Requires Prior Approval,,Oncology,553,Sylatron, 04/27/2018 14:23:41
Sylvant,Siltuximab,1/1/17 0:00,Requires Prior Approval,,Oncology,554,Sylvant, 04/27/2018 14:23:41
Symbicort,budesonide/formoterol,1/1/18 0:00,Subject to Quantity Limits,,Long-Acting Beta Agonists (LABA),555,Symbicort, 04/27/2018 14:23:41
Synagis,Palivizumab,1/1/17 0:00,Requires Prior Approval,,RSV,556,Synagis, 04/27/2018 14:23:41
Synarel,nafarelin,1/1/17 0:00,Requires Prior Approval,,Fertility Products - Non-Specialty,557,Synarel, 04/27/2018 14:23:41
Syndros,dronabinol,1/1/17 0:00,Requires Excluded Exception Approval,,Antiemetics,558,Syndros, 04/27/2018 14:23:41
Synera,Lidocaine; Tetracaine,1/1/17 0:00,"Requires Prior Approval, Subject to Quantity Limits",,Topical Anesthetics - Lidocaine Containing,559,Synera, 04/27/2018 14:23:41
Synribo,Omacetaxine,1/1/17 0:00,Requires Prior Approval,,Oncology,560,Synribo, 04/27/2018 14:23:41
Synvisc,hylan G-F 20,1/1/17 0:00,Requires Excluded Exception Approval,,Osteoarthritis,561,Synvisc, 04/27/2018 14:23:41
Syprine,trientine,10/1/17 0:00,"Requires Prior Approval, Requires Step Therapy",,Chelating Agent,562,Syprine, 04/27/2018 14:23:41
Tafinlar,dabrafenib capsules,1/1/18 0:00,Requires Prior Approval,,Oncology,563,Tafinlar, 04/27/2018 14:23:41
Tagrisso,osimertinib tablets,1/1/17 0:00,Requires Prior Approval,,Oncology,564,Tagrisso, 04/27/2018 14:23:42
Taltz,ixekizumab,1/1/18 0:00,"Requires Prior Approval, Requires Step Therapy",,Autoimmune,565,Taltz, 04/27/2018 14:23:42
Tamiflu,Oseltamivir,1/1/17 0:00,"Requires Prior Approval, Subject to Quantity Limits",,Influenza,566,Tamiflu, 04/27/2018 14:23:42
Tarceva,erlotinib tablets,1/1/18 0:00,Requires Prior Approval,,Oncology,567,Tarceva, 04/27/2018 14:23:42
Targretin,Bexarotene,1/1/17 0:00,Requires Prior Approval,,Oncology,568,Targretin, 04/27/2018 14:23:42
Tasigna,nilotinib,1/1/18 0:00,Requires Excluded Exception Approval,,Oncology,569,Tasigna, 04/27/2018 14:23:42
Tazorac,"tazarotene cream, gel",1/1/17 0:00,Requires Prior Approval,,Retinoids,570,Tazorac, 04/27/2018 14:23:42
Tecentriq,atezolizumab,1/1/18 0:00,Requires Prior Approval,,Oncology,571,Tecentriq, 04/27/2018 14:23:42
Techfidera,Dimethyl Fumarate,1/1/17 0:00,Requires Prior Approval,,Multiple Sclerosis,572,Techfidera, 04/27/2018 14:23:42
Technive,ombitasvir/paritaprevir/ritonavir,1/1/18 0:00,Requires Excluded Exception Approval,,Hepatitis C,573,Technive, 04/27/2018 14:23:42
Temodar,temozolomide,1/1/17 0:00,Requires Prior Approval,,Oncology,574,Temodar, 04/27/2018 14:23:42
Testim,testosterone topical gel,1/1/18 0:00,Requires Excluded Exception Approval,,Testosterone Products,575,Testim, 04/27/2018 14:23:42
Testopel,testosterone pellets,1/1/18 0:00,Requires Prior Approval,,Testosterone Products,576,Testopel, 04/27/2018 14:23:42
Testosterone Topical Cream,testosterone cream,1/1/18 0:00,Requires Prior Approval,,Testosterone Products,577,Testosterone Topical Cream, 04/27/2018 14:23:42
Testosterone Topical Ointment,testosterone ointment,1/1/18 0:00,Requires Prior Approval,,Testosterone Products,578,Testosterone Topical Ointment, 04/27/2018 14:23:42
Testred,methyltestosterone capsules,1/1/18 0:00,Requires Prior Approval,,Testosterone Products,579,Testred, 04/27/2018 14:23:42
Thalomid,thalidomide,1/1/17 0:00,Requires Prior Approval,,Oncology,580,Thalomid, 04/27/2018 14:23:42
Tikosyn,Dofetilide,1/1/17 0:00,Requires Prior Approval,,Cardiac Disorder,581,Tikosyn, 04/27/2018 14:23:42
Tivicay,dolutegravir,1/1/18 0:00,Subject to Quantity Limits,,HIV,582,Tivicay, 04/27/2018 14:23:42
TOBI Podhaler,tobramycin inhalation,1/1/18 0:00,Requires Prior Approval,,Cystic fibrosis,583,TOBI Podhaler, 04/27/2018 14:23:42
Torisel,Temsirolimus,1/1/17 0:00,Requires Prior Approval,,Oncology,584,Torisel, 04/27/2018 14:23:42
Tracleer,bosetan tablets,1/1/18 0:00,Requires Prior Approval,,Pulmonary Arterial Hypertension,585,Tracleer, 04/27/2018 14:23:42
Treanda,Bendamustine,1/1/17 0:00,Requires Prior Approval,,Oncology,586,Treanda, 04/27/2018 14:23:42
Trelegy Ellipta,fluticasone furoate/umeclidinium/vilanterol,1/1/18 0:00,Subject to Quantity Limits,,Long-Acting Beta Agonists (LABA),587,Trelegy Ellipta, 04/27/2018 14:23:42
Trelstar,Triptorelin,1/1/18 0:00,Requires Prior Approval,,Hormonal Therapies,588,Trelstar, 04/27/2018 14:23:42
Tremfya,guselkumab,1/1/18 0:00,Requires Excluded Exception Approval,,Autoimmune,589,Tremfya, 04/27/2018 14:23:42
Tretin-X,Tretinoin,1/1/17 0:00,Requires Prior Approval,,Retinoids,590,Tretin-X, 04/27/2018 14:23:42
Treximet,sumatriptan/naproxen,1/1/17 0:00,"Requires Prior Approval, Subject to Quantity Limits",,Antimigraine,591,Treximet, 04/27/2018 14:23:42
Triglide,Fenofibrate,1/1/17 0:00,Requires Step Therapy,,Fibrates,592,Triglide, 04/27/2018 14:23:42
Triptodur,triptorelin,1/1/18 0:00,Requires Excluded Exception Approval,,Hormonal Therapies,593,Triptodur, 04/27/2018 14:23:42
Triumeq,abacavir/dolutegravir/lamivudine,1/1/18 0:00,Subject to Quantity Limits,,HIV,594,Triumeq, 04/27/2018 14:23:43
Trizivir,abacavir/lamivudine/zidovudine,1/1/18 0:00,Subject to Quantity Limits,,HIV,595,Trizivir, 04/27/2018 14:23:43
Trulance,plecanatide,10/1/17 0:00,Requires Prior Approval,,GI Disorders,596,Trulance, 04/27/2018 14:23:43
Truvada,emtricitabine/tenofovir,1/1/18 0:00,Subject to Quantity Limits,,HIV,597,Truvada, 04/27/2018 14:23:43
Tybost,cobicistat,1/1/18 0:00,Subject to Quantity Limits,,HIV,598,Tybost, 04/27/2018 14:23:43
Tykerb,lapatinib ditosylate tablets,1/1/18 0:00,Requires Prior Approval,,Oncology,599,Tykerb, 04/27/2018 14:23:43
Tylenol w/ Codeine,acetaminophen/codeine,3/1/18 0:00,"Requires Prior Approval, Requires Step Therapy, Subject to Quantity Limits",,Opioid Analgesics,600,Tylenol w/ Codeine, 04/27/2018 14:23:43
Tymlos,abaloparatide,1/1/18 0:00,Requires Prior Approval,,Osteoporosis,601,Tymlos, 04/27/2018 14:23:43
Tysabri,Natalizumab,1/1/18 0:00,Requires Prior Approval,,IBS/RA/Psoriasis,602,Tysabri, 04/27/2018 14:23:43
Tyvaso,treprostinil inhalation solution,1/1/18 0:00,Requires Prior Approval,,Pulmonary Arterial Hypertension,603,Tyvaso, 04/27/2018 14:23:43
Ultracet,acetaminophen/tramadol,3/1/18 0:00,"Requires Prior Approval, Requires Step Therapy, Subject to Quantity Limits",,Opioid Analgesics,604,Ultracet, 04/27/2018 14:23:43
Ultram,tramadol immediate-release tablets,3/1/18 0:00,"Requires Prior Approval, Requires Step Therapy, Subject to Quantity Limits",,Opioid Analgesics,605,Ultram, 04/27/2018 14:23:43
Ultram ER,tramadol extended-release,3/1/18 0:00,"Requires Prior Approval, Requires Step Therapy, Subject to Quantity Limits",,Opioid Analgesics - Extended-Release,606,Ultram ER, 04/27/2018 14:23:43
Uptravi,selexipag tablets,1/1/17 0:00,Requires Prior Approval,,Pulmonary Arterial Hypertension,607,Uptravi, 04/27/2018 14:23:43
Valchlor,Mechlorethamine,1/1/17 0:00,Requires Prior Approval,,Oncology,608,Valchlor, 04/27/2018 14:23:43
Vantas,Histrelin,1/1/18 0:00,Requires Prior Approval,,Hormonal Therapies,609,Vantas, 04/27/2018 14:23:43
Varubi,Rolapitant,1/1/17 0:00,"Requires Prior Approval, Subject to Quantity Limits",,Antiemetics,610,Varubi, 04/27/2018 14:23:43
Vascepa,icosapent ethyl capsules,1/1/17 0:00,Requires Prior Approval,,Omega-3 Fatty Acids,611,Vascepa, 04/27/2018 14:23:43
Vectibix,Panitumumab,1/1/17 0:00,Requires Prior Approval,,Oncology,612,Vectibix, 04/27/2018 14:23:44
Velcade,Bortezomib,1/1/17 0:00,Requires Prior Approval,,Oncology,613,Velcade, 04/27/2018 14:23:44
Veltin,clindamycin phosphate/tretinoin gel,1/1/17 0:00,Requires Prior Approval,,Retinoids,614,Veltin, 04/27/2018 14:23:43
Venclexta,venetoclax,1/1/18 0:00,Requires Prior Approval,,Oncology,615,Venclexta, 04/27/2018 14:23:43
Ventavis,iloprost inhalation solution,1/1/18 0:00,Requires Prior Approval,,Pulmonary Arterial Hypertension,616,Ventavis, 04/27/2018 14:23:43
Ventolin,albuterol,1/1/17 0:00,Requires Excluded Exception Approval,,Short-Acting Beta Agonists - Oral Inh,617,Ventolin, 04/27/2018 14:23:43
Verzenio,abemaciclib,5/1/18 0:00,Requires Prior Approval,,Oncology,618,Verzenio, 04/27/2018 14:23:43
Vfend,voriconazole,1/1/17 0:00,Requires Prior Approval,,Antifungal,619,Vfend, 04/27/2018 14:23:43
Vicodin,acetaminophen/hydrocodone,3/1/18 0:00,"Requires Prior Approval, Requires Step Therapy, Subject to Quantity Limits",,Opioid Analgesics,620,Vicodin, 04/27/2018 14:23:43
Vidaza,azacitidine,1/1/17 0:00,Requires Prior Approval,,Oncology,621,Vidaza, 04/27/2018 14:23:43
Videx,didanosine,1/1/18 0:00,Subject to Quantity Limits,,HIV,622,Videx, 04/27/2018 14:23:43
Viekira,ombitasvir/paritaprevir/ritonavir/dasabuvir,1/1/18 0:00,Requires Excluded Exception Approval,,Hepatitis C,623,Viekira, 04/27/2018 14:23:43
Vimizim,Elosulfase alfa,1/1/17 0:00,Requires Prior Approval,,Lysosomal Storage Disorders,624,Vimizim, 04/27/2018 14:23:43
Vimovo,naproxen/esomeprazole magnesium,1/1/17 0:00,Requires Step Therapy,,COX-2/NSAIDs,625,Vimovo, 04/27/2018 14:23:43
Viracept,nelfinavir,1/1/18 0:00,Subject to Quantity Limits,,HIV,626,Viracept, 04/27/2018 14:23:43
Viramune,nevirapine,1/1/18 0:00,Subject to Quantity Limits,,HIV,627,Viramune, 04/27/2018 14:23:43
Viread,tenofovir,1/1/18 0:00,Subject to Quantity Limits,,HIV,628,Viread, 04/27/2018 14:23:43
Visco-3,Sodium Hyaluronate,1/1/17 0:00,Requires Prior Approval,,Osteoarthritis,629,Visco-3, 04/27/2018 14:23:43
Vitekta,elvitegravir,1/1/18 0:00,Subject to Quantity Limits,,HIV,630,Vitekta, 04/27/2018 14:23:43
Vivitrol,Naltrexone,1/1/18 0:00,Requires Prior Approval,,Alcohol/Opioid Dependency,631,Vivitrol, 04/27/2018 14:23:43
Vivlodex,meloxicam capsules,1/1/17 0:00,Requires Excluded Exception Approval,,COX-2/NSAIDs,632,Vivlodex, 04/27/2018 14:23:43
Vogelxo,testosterone topical gel,1/1/18 0:00,Requires Excluded Exception Approval,,Testosterone Products,633,Vogelxo, 04/27/2018 14:23:43
Voltaren Gel,diclofenac sodium topical gel 1%,10/1/17 0:00,Requires Prior Approval,,Topical Anesthetics - Lidocaine Containing,634,Voltaren Gel, 04/27/2018 14:23:44
Vonvendi,von Willebrand factor,1/1/17 0:00,Requires Excluded Exception Approval,,Hemophilia,635,Vonvendi, 04/27/2018 14:23:44
Vosevi,sofosbuvir/velpatasvir/voxilaprevir,1/1/18 0:00,Requires Prior Approval,,Hepatitis C,636,Vosevi, 04/27/2018 14:23:44
Votrient,Pazopanib,1/1/18 0:00,Requires Prior Approval,,Oncology,637,Votrient, 04/27/2018 14:23:44
VPRIV,Velaglucerase Alfa,1/1/18 0:00,Requires Prior Approval,,Lysosomal Storage Disorders,638,VPRIV, 04/27/2018 14:23:44
Vraylar,cariprazine,10/1/17 0:00,Requires Prior Approval,,Atypical Antipsychotics,639,Vraylar, 04/27/2018 14:23:44
Vyvanse,lisdexamfetamine dimesylate capsules,1/1/17 0:00,"Requires Prior Approval, Subject to Quantity Limits",,ADHD-Narcolepsy Agents,640,Vyvanse, 04/27/2018 14:23:44
Wilate,antihemophilic factor viii,1/1/17 0:00,Requires Prior Approval,,Hemophilia,641,Wilate, 04/27/2018 14:23:44
Xalkori,crizotinib capsules,1/1/18 0:00,Requires Prior Approval,,Oncology,642,Xalkori, 04/27/2018 14:23:44
Xartemis XR,Acetaminophen; Oxycodone,1/1/17 0:00,Subject to Quantity Limits,,Opioid Analgesics - Extended-Release,643,Xartemis XR, 04/27/2018 14:23:44
Xeljanz,tofacitinib,1/1/17 0:00,Requires Excluded Exception Approval,,Autoimmune,644,Xeljanz, 04/27/2018 14:23:44
Xeloda,Capecitabine,1/1/17 0:00,Requires Prior Approval,,Oncology,645,Xeloda, 04/27/2018 14:23:44
Xenazine,tetrabenazine,1/1/17 0:00,Requires Prior Approval,,Movement Disorders,646,Xenazine, 04/27/2018 14:23:44
Xenical,orlistat,1/1/17 0:00,Requires Prior Approval,,Antiobesity,647,Xenical, 04/27/2018 14:23:44
Xeomin,IncobotulinumtoxinA,1/1/17 0:00,Requires Prior Approval,,Botulinum Toxins,648,Xeomin, 04/27/2018 14:23:44
Xermelo,telotristat ethyl,1/1/18 0:00,Requires Excluded Exception Approval,,Oncology,649,Xermelo, 04/27/2018 14:23:44
Xgeva,Denosumab,1/1/17 0:00,Requires Prior Approval,,Oncology,650,Xgeva, 04/27/2018 14:23:44
Ximino,minocycline,1/1/17 0:00,"Requires Prior Approval, Requires Step Therapy",,Oral Tetracyclines,651,Ximino, 04/27/2018 14:23:45
Xolair,omalizumab injection for subcutaneous [SC] use,1/1/17 0:00,Requires Prior Approval,,Allergic Asthma,652,Xolair, 04/27/2018 14:23:45
Xopenex ,Levalbuterol,1/1/17 0:00,Subject to Quantity Limits,,Short-Acting Beta Agonists - Oral Inh,653,Xopenex , 04/27/2018 14:23:45
Xtampza ER,oxycodone extended-release capsules,3/1/18 0:00,"Requires Prior Approval, Requires Step Therapy, Subject to Quantity Limits",,Opioid Analgesics - Extended-Release,654,Xtampza ER, 04/27/2018 14:23:44
Xtandi,enzalutamide,1/1/18 0:00,Requires Prior Approval,,Oncology,655,Xtandi, 04/27/2018 14:23:44
Xyntha,Antihemophilic factor VIII,10/1/17 0:00,Requires Prior Approval,,Hemophilia,656,Xyntha, 04/27/2018 14:23:44
Xyrem,sodium oxybate oral solution,10/1/17 0:00,"Requires Prior Approval, Subject to Quantity Limits",,Narcolepsy (Other),657,Xyrem, 04/27/2018 14:23:44
Yervoy,ipilimumab,1/1/17 0:00,Requires Prior Approval,,Oncology,658,Yervoy, 04/27/2018 14:23:44
Yescarta,axicabtagene ciloleucel,1/1/18 0:00,Requires Excluded Exception Approval,,Oncology,659,Yescarta, 04/27/2018 14:23:44
Zaclir,benzoyl peroxide,9/1/17 0:00,"Requires Prior Approval, Requires Step Therapy",,Topical Acne Products,660,Zaclir, 04/27/2018 14:23:44
Zaltrap,Ziv-Aflibercept,1/1/17 0:00,Requires Prior Approval,,Oncology,661,Zaltrap, 04/27/2018 14:23:44
Zarxio,filgrastim-sndz injection,1/1/17 0:00,Requires Prior Approval,,Neutropenia,662,Zarxio, 04/27/2018 14:23:44
Zavesca,Miglustat,1/1/18 0:00,Requires Prior Approval,,Lysosomal Storage Disorders,663,Zavesca, 04/27/2018 14:23:44
Zegerid,omeprazole/sodium bicarbonate,5/1/18 0:00,Requires Prior Approval,,Proton Pump Inhibitors,664,Zegerid, 04/27/2018 14:23:44
Zejula,niraparib,1/1/18 0:00,Requires Prior Approval,,Oncology,665,Zejula, 04/27/2018 14:23:44
Zelboraf,vemurafenib tablets,1/1/18 0:00,Requires Prior Approval,,Oncology,666,Zelboraf, 04/27/2018 14:23:44
Zemaira,Alpha-1-proteinase Inhibitor,1/1/17 0:00,Requires Prior Approval,,Alpha-1 Antitrypsin Deficiency,667,Zemaira, 04/27/2018 14:23:44
Zembrace Symtouch,sumatriptan,1/1/17 0:00,"Requires Prior Approval, Subject to Quantity Limits",,Antimigraine,668,Zembrace Symtouch, 04/27/2018 14:23:44
Zenatane,Isotretinoin,1/1/17 0:00,"Requires Prior Approval, Subject to Quantity Limits",,Isotretinoins,669,Zenatane, 04/27/2018 14:23:44
Zenzedi,dextroamphetamine tablets,1/1/17 0:00,"Requires Prior Approval, Subject to Quantity Limits",,ADHD-Narcolepsy Agents,670,Zenzedi, 04/27/2018 14:23:44
Zepatier,elbasvir and grazoprevir,1/1/18 0:00,Requires Excluded Exception Approval,,Hepatitis C,671,Zepatier, 04/27/2018 14:23:44
Zerit,stavudine,1/1/18 0:00,Subject to Quantity Limits,,HIV,672,Zerit, 04/27/2018 14:23:44
Zetonna,ciclesonide,1/1/17 0:00,Requires Excluded Exception Approval,,Nasal Steriods,673,Zetonna, 04/27/2018 14:23:44
Ziagen,abacavir,1/1/18 0:00,Subject to Quantity Limits,,HIV,674,Ziagen, 04/27/2018 14:23:45
Ziana,clindamycin phosphate/tretinoin gel,1/1/17 0:00,Requires Prior Approval,,Retinoids,675,Ziana, 04/27/2018 14:23:45
Zinbryta,daclizumab,1/1/18 0:00,Requires Excluded Exception Approval,,Multiple Sclerosis,676,Zinbryta, 04/27/2018 14:23:45
Zipsor,Diclofenac,1/1/17 0:00,Requires Step Therapy,,COX-2/NSAIDs,677,Zipsor, 04/27/2018 14:23:45
Zofran,ondansetron,1/1/17 0:00,"Requires Prior Approval, Subject to Quantity Limits",,Antiemetics,678,Zofran, 04/27/2018 14:23:45
Zohydro ER,hydrocodone bitartrate extended-release capsules,3/1/18 0:00,"Requires Prior Approval, Requires Step Therapy, Subject to Quantity Limits",,Opioid Analgesics - Extended-Release,679,Zohydro ER, 04/27/2018 14:23:45
Zoladex,Goserelin,1/1/18 0:00,Requires Prior Approval,,Hormonal Therapies,680,Zoladex, 04/27/2018 14:23:45
Zolinza,Vorinostat,1/1/18 0:00,Requires Prior Approval,,Oncology,681,Zolinza, 04/27/2018 14:23:45
Zolpimist,zolpidem,1/1/18 0:00,Requires Prior Approval,,Sedative-Hypnotics,682,Zolpimist, 04/27/2018 14:23:45
Zomacton,somatropin,1/1/17 0:00,Requires Excluded Exception Approval,,Growth Hormone and Related Disorders,683,Zomacton, 04/27/2018 14:23:45
Zometa,zoledronic acid,1/1/17 0:00,Requires Prior Approval,,Oncology,684,Zometa, 04/27/2018 14:23:45
Zomig,zolmitriptan,1/1/17 0:00,"Requires Prior Approval, Subject to Quantity Limits",,Antimigraine,685,Zomig, 04/27/2018 14:23:45
Zonalon,doxepin,10/1/17 0:00,"Requires Prior Approval, Requires Step Therapy",,Topical Skin Product,686,Zonalon, 04/27/2018 14:23:45
Zorbtive,somatropin injection,1/1/17 0:00,Requires Prior Approval,,GI Disorders,687,Zorbtive, 04/27/2018 14:23:45
Zorvolex,Diclofenac,1/1/17 0:00,Requires Step Therapy,,COX-2/NSAIDs,688,Zorvolex, 04/27/2018 14:23:46
Zuplenz,ondansetron,1/1/17 0:00,"Requires Prior Approval, Subject to Quantity Limits",,Antiemetics,689,Zuplenz, 04/27/2018 14:23:46
Zydelig,Idelalisib,1/1/18 0:00,Requires Prior Approval,,Oncology,690,Zydelig, 04/27/2018 14:23:46
Zykadia,ceritinib,1/1/18 0:00,Requires Prior Approval,,Oncology,691,Zykadia, 04/27/2018 14:23:46
Zytiga,Abiraterone,1/1/18 0:00,Requires Prior Approval,,Oncology,692,Zytiga, 04/27/2018 14:23:46